Entity,Code,Day,Daily hospital occupancy
United Kingdom,GBR,2020-04-01,13431
United Kingdom,GBR,2020-04-02,13650
United Kingdom,GBR,2020-04-03,15327
United Kingdom,GBR,2020-04-04,17269
United Kingdom,GBR,2020-04-05,18619
United Kingdom,GBR,2020-04-06,19252
United Kingdom,GBR,2020-04-07,20000
United Kingdom,GBR,2020-04-08,20512
United Kingdom,GBR,2020-04-09,20795
United Kingdom,GBR,2020-04-10,21092
United Kingdom,GBR,2020-04-11,21075
United Kingdom,GBR,2020-04-12,21516
United Kingdom,GBR,2020-04-13,21144
United Kingdom,GBR,2020-04-14,21125
United Kingdom,GBR,2020-04-15,20440
United Kingdom,GBR,2020-04-16,20250
United Kingdom,GBR,2020-04-17,19188
United Kingdom,GBR,2020-04-18,19318
United Kingdom,GBR,2020-04-19,19428
United Kingdom,GBR,2020-04-20,19185
United Kingdom,GBR,2020-04-21,18992
United Kingdom,GBR,2020-04-22,18383
United Kingdom,GBR,2020-04-23,17719
United Kingdom,GBR,2020-04-24,16916
United Kingdom,GBR,2020-04-25,16458
United Kingdom,GBR,2020-04-26,16410
United Kingdom,GBR,2020-04-27,16524
United Kingdom,GBR,2020-04-28,15746
United Kingdom,GBR,2020-04-29,15392
United Kingdom,GBR,2020-04-30,15031
United Kingdom,GBR,2020-05-01,14591
United Kingdom,GBR,2020-05-02,14244
United Kingdom,GBR,2020-05-03,14057
United Kingdom,GBR,2020-05-04,13962
United Kingdom,GBR,2020-05-05,13594
United Kingdom,GBR,2020-05-06,13019
United Kingdom,GBR,2020-05-07,12501
United Kingdom,GBR,2020-05-08,11933
United Kingdom,GBR,2020-05-09,11887
United Kingdom,GBR,2020-05-10,11595
United Kingdom,GBR,2020-05-11,11832
United Kingdom,GBR,2020-05-12,11457
United Kingdom,GBR,2020-05-13,11213
United Kingdom,GBR,2020-05-14,10804
United Kingdom,GBR,2020-05-15,10577
United Kingdom,GBR,2020-05-16,10126
United Kingdom,GBR,2020-05-17,10088
United Kingdom,GBR,2020-05-18,10126
United Kingdom,GBR,2020-05-19,9908
United Kingdom,GBR,2020-05-20,9468
United Kingdom,GBR,2020-05-21,9199
United Kingdom,GBR,2020-05-22,9096
United Kingdom,GBR,2020-05-23,8725
United Kingdom,GBR,2020-05-24,8725
United Kingdom,GBR,2020-05-25,8744
United Kingdom,GBR,2020-05-26,8641
United Kingdom,GBR,2020-05-27,8131
United Kingdom,GBR,2020-05-28,7819
United Kingdom,GBR,2020-05-29,7504
United Kingdom,GBR,2020-05-30,7184
United Kingdom,GBR,2020-05-31,7154
United Kingdom,GBR,2020-06-01,7171
United Kingdom,GBR,2020-06-02,7014
United Kingdom,GBR,2020-06-03,6750
United Kingdom,GBR,2020-06-04,6525
United Kingdom,GBR,2020-06-05,6325
United Kingdom,GBR,2020-06-06,6097
United Kingdom,GBR,2020-06-07,5892
United Kingdom,GBR,2020-06-08,5879
United Kingdom,GBR,2020-06-09,5684
United Kingdom,GBR,2020-06-10,5423
United Kingdom,GBR,2020-06-11,5132
United Kingdom,GBR,2020-06-12,5045
United Kingdom,GBR,2020-06-13,4898
United Kingdom,GBR,2020-06-14,4866
United Kingdom,GBR,2020-06-15,4829
United Kingdom,GBR,2020-06-16,4825
United Kingdom,GBR,2020-06-17,4687
United Kingdom,GBR,2020-06-18,4530
United Kingdom,GBR,2020-06-19,4389
United Kingdom,GBR,2020-06-20,4225
United Kingdom,GBR,2020-06-21,4192
United Kingdom,GBR,2020-06-22,4251
United Kingdom,GBR,2020-06-23,4103
United Kingdom,GBR,2020-06-24,4003
United Kingdom,GBR,2020-06-25,3820
United Kingdom,GBR,2020-06-26,3596
United Kingdom,GBR,2020-06-27,3523
United Kingdom,GBR,2020-06-28,3535
United Kingdom,GBR,2020-06-29,3728
United Kingdom,GBR,2020-06-30,3361
United Kingdom,GBR,2020-07-01,3176
United Kingdom,GBR,2020-07-02,3058
United Kingdom,GBR,2020-07-03,2924
United Kingdom,GBR,2020-07-04,2782
United Kingdom,GBR,2020-07-05,2721
United Kingdom,GBR,2020-07-06,2678
United Kingdom,GBR,2020-07-07,2576
United Kingdom,GBR,2020-07-08,2432
United Kingdom,GBR,2020-07-09,2323
United Kingdom,GBR,2020-07-10,2224
United Kingdom,GBR,2020-07-11,2098
United Kingdom,GBR,2020-07-12,2082
United Kingdom,GBR,2020-07-13,2096
United Kingdom,GBR,2020-07-14,1977
United Kingdom,GBR,2020-07-15,1957
United Kingdom,GBR,2020-07-16,1814
United Kingdom,GBR,2020-07-17,1791
United Kingdom,GBR,2020-07-18,1760
United Kingdom,GBR,2020-07-19,1725
United Kingdom,GBR,2020-07-20,1715
United Kingdom,GBR,2020-07-21,1617
United Kingdom,GBR,2020-07-22,1732
United Kingdom,GBR,2020-07-23,1522
United Kingdom,GBR,2020-07-24,1435
United Kingdom,GBR,2020-07-25,1384
United Kingdom,GBR,2020-07-26,1366
United Kingdom,GBR,2020-07-27,1353
United Kingdom,GBR,2020-07-28,1352
United Kingdom,GBR,2020-07-29,1332
United Kingdom,GBR,2020-07-30,1298
United Kingdom,GBR,2020-07-31,1249
United Kingdom,GBR,2020-08-01,1272
United Kingdom,GBR,2020-08-02,1235
United Kingdom,GBR,2020-08-03,1234
United Kingdom,GBR,2020-08-04,1198
United Kingdom,GBR,2020-08-05,1184
United Kingdom,GBR,2020-08-06,1137
United Kingdom,GBR,2020-08-07,1078
United Kingdom,GBR,2020-08-08,1010
United Kingdom,GBR,2020-08-09,965
United Kingdom,GBR,2020-08-10,1070
United Kingdom,GBR,2020-08-11,1021
United Kingdom,GBR,2020-08-12,986
United Kingdom,GBR,2020-08-13,989
United Kingdom,GBR,2020-08-14,977
United Kingdom,GBR,2020-08-15,956
United Kingdom,GBR,2020-08-16,961
United Kingdom,GBR,2020-08-17,960
United Kingdom,GBR,2020-08-18,927
United Kingdom,GBR,2020-08-19,896
United Kingdom,GBR,2020-08-20,877
United Kingdom,GBR,2020-08-21,852
United Kingdom,GBR,2020-08-22,907
United Kingdom,GBR,2020-08-23,834
United Kingdom,GBR,2020-08-24,840
United Kingdom,GBR,2020-08-25,809
United Kingdom,GBR,2020-08-26,798
United Kingdom,GBR,2020-08-27,805
United Kingdom,GBR,2020-08-28,781
United Kingdom,GBR,2020-08-29,794
United Kingdom,GBR,2020-08-30,790
United Kingdom,GBR,2020-08-31,810
United Kingdom,GBR,2020-09-01,814
United Kingdom,GBR,2020-09-02,759
United Kingdom,GBR,2020-09-03,773
United Kingdom,GBR,2020-09-04,777
United Kingdom,GBR,2020-09-05,770
United Kingdom,GBR,2020-09-06,775
United Kingdom,GBR,2020-09-07,861
United Kingdom,GBR,2020-09-08,850
United Kingdom,GBR,2020-09-09,880
United Kingdom,GBR,2020-09-10,900
United Kingdom,GBR,2020-09-11,721
United Kingdom,GBR,2020-09-12,760
United Kingdom,GBR,2020-09-13,788
United Kingdom,GBR,2020-09-14,928
United Kingdom,GBR,2020-09-15,1013
United Kingdom,GBR,2020-09-16,1056
United Kingdom,GBR,2020-09-17,1110
United Kingdom,GBR,2020-09-18,1169
United Kingdom,GBR,2020-09-19,1248
United Kingdom,GBR,2020-09-20,1343
United Kingdom,GBR,2020-09-21,1497
United Kingdom,GBR,2020-09-22,1574
United Kingdom,GBR,2020-09-23,1665
United Kingdom,GBR,2020-09-24,1777
United Kingdom,GBR,2020-09-25,1951
United Kingdom,GBR,2020-09-26,1958
United Kingdom,GBR,2020-09-27,2109
United Kingdom,GBR,2020-09-28,2312
United Kingdom,GBR,2020-09-29,2330
United Kingdom,GBR,2020-09-30,2439
United Kingdom,GBR,2020-10-01,2494
United Kingdom,GBR,2020-10-02,2631
United Kingdom,GBR,2020-10-03,2770
United Kingdom,GBR,2020-10-04,2952
United Kingdom,GBR,2020-10-05,3260
United Kingdom,GBR,2020-10-06,3531
United Kingdom,GBR,2020-10-07,3781
United Kingdom,GBR,2020-10-08,3969
United Kingdom,GBR,2020-10-09,4062
United Kingdom,GBR,2020-10-10,4237
United Kingdom,GBR,2020-10-11,4545
United Kingdom,GBR,2020-10-12,4824
United Kingdom,GBR,2020-10-13,5145
United Kingdom,GBR,2020-10-14,5438
United Kingdom,GBR,2020-10-15,5775
United Kingdom,GBR,2020-10-16,6127
United Kingdom,GBR,2020-10-17,6362
United Kingdom,GBR,2020-10-18,6638
United Kingdom,GBR,2020-10-19,7136
United Kingdom,GBR,2020-10-20,7656
United Kingdom,GBR,2020-10-21,7925
United Kingdom,GBR,2020-10-22,8090
United Kingdom,GBR,2020-10-23,8653
United Kingdom,GBR,2020-10-24,9019
United Kingdom,GBR,2020-10-25,9538
United Kingdom,GBR,2020-10-26,9865
United Kingdom,GBR,2020-10-27,10678
United Kingdom,GBR,2020-10-28,11184
United Kingdom,GBR,2020-10-29,11321
United Kingdom,GBR,2020-10-30,11525
United Kingdom,GBR,2020-10-31,12031
United Kingdom,GBR,2020-11-01,11947
United Kingdom,GBR,2020-11-02,12815
United Kingdom,GBR,2020-11-03,13456
United Kingdom,GBR,2020-11-04,13521
United Kingdom,GBR,2020-11-05,13485
United Kingdom,GBR,2020-11-06,13642
United Kingdom,GBR,2020-11-07,13991
United Kingdom,GBR,2020-11-08,14211
United Kingdom,GBR,2020-11-09,14804
United Kingdom,GBR,2020-11-10,14622
United Kingdom,GBR,2020-11-11,15326
United Kingdom,GBR,2020-11-12,15538
United Kingdom,GBR,2020-11-13,15903
United Kingdom,GBR,2020-11-14,15976
United Kingdom,GBR,2020-11-15,16535
United Kingdom,GBR,2020-11-16,16975
United Kingdom,GBR,2020-11-17,17109
United Kingdom,GBR,2020-11-18,17155
United Kingdom,GBR,2020-11-19,17127
United Kingdom,GBR,2020-11-20,16857
United Kingdom,GBR,2020-11-21,16726
United Kingdom,GBR,2020-11-22,16921
United Kingdom,GBR,2020-11-23,17333
United Kingdom,GBR,2020-11-24,17063
United Kingdom,GBR,2020-11-25,16767
United Kingdom,GBR,2020-11-26,16401
United Kingdom,GBR,2020-11-27,16208
United Kingdom,GBR,2020-11-28,15614
United Kingdom,GBR,2020-11-29,15932
United Kingdom,GBR,2020-11-30,16175
United Kingdom,GBR,2020-12-01,15920
United Kingdom,GBR,2020-12-02,15581
United Kingdom,GBR,2020-12-03,15264
United Kingdom,GBR,2020-12-04,15330
United Kingdom,GBR,2020-12-05,15289
United Kingdom,GBR,2020-12-06,15557
United Kingdom,GBR,2020-12-07,16024
United Kingdom,GBR,2020-12-08,16079
United Kingdom,GBR,2020-12-09,15942
United Kingdom,GBR,2020-12-10,16330
United Kingdom,GBR,2020-12-11,16507
United Kingdom,GBR,2020-12-12,16524
United Kingdom,GBR,2020-12-13,17149
United Kingdom,GBR,2020-12-14,17850
United Kingdom,GBR,2020-12-15,17804
United Kingdom,GBR,2020-12-16,18254
United Kingdom,GBR,2020-12-17,18563
United Kingdom,GBR,2020-12-18,18718
United Kingdom,GBR,2020-12-19,19062
United Kingdom,GBR,2020-12-20,19595
United Kingdom,GBR,2020-12-21,20722
United Kingdom,GBR,2020-12-22,21085
United Kingdom,GBR,2020-12-23,20821
United Kingdom,GBR,2020-12-24,21171
United Kingdom,GBR,2020-12-25,20511
United Kingdom,GBR,2020-12-26,21306
United Kingdom,GBR,2020-12-27,22313
United Kingdom,GBR,2020-12-28,23598
United Kingdom,GBR,2020-12-29,25088
United Kingdom,GBR,2020-12-30,26069
United Kingdom,GBR,2020-12-31,26091
United Kingdom,GBR,2021-01-01,25881
United Kingdom,GBR,2021-01-02,27039
United Kingdom,GBR,2021-01-03,28500
United Kingdom,GBR,2021-01-04,30238
United Kingdom,GBR,2021-01-05,30158
United Kingdom,GBR,2021-01-06,31420
United Kingdom,GBR,2021-01-07,32059
United Kingdom,GBR,2021-01-08,33258
United Kingdom,GBR,2021-01-09,33506
United Kingdom,GBR,2021-01-10,34855
United Kingdom,GBR,2021-01-11,36217
United Kingdom,GBR,2021-01-12,36445
United Kingdom,GBR,2021-01-13,36964
United Kingdom,GBR,2021-01-14,37161
United Kingdom,GBR,2021-01-15,37611
United Kingdom,GBR,2021-01-16,37180
United Kingdom,GBR,2021-01-17,37638
United Kingdom,GBR,2021-01-18,38745
United Kingdom,GBR,2021-01-19,38357
United Kingdom,GBR,2021-01-20,38262
United Kingdom,GBR,2021-01-21,37577
United Kingdom,GBR,2021-01-22,37771
United Kingdom,GBR,2021-01-23,36911
United Kingdom,GBR,2021-01-24,37234
United Kingdom,GBR,2021-01-25,37271
United Kingdom,GBR,2021-01-26,36633
United Kingdom,GBR,2021-01-27,35075
United Kingdom,GBR,2021-01-28,34481
United Kingdom,GBR,2021-01-29,33440
United Kingdom,GBR,2021-01-30,32611
United Kingdom,GBR,2021-01-31,32178
United Kingdom,GBR,2021-02-01,32572
United Kingdom,GBR,2021-02-02,31400
United Kingdom,GBR,2021-02-03,30251
United Kingdom,GBR,2021-02-04,29078
United Kingdom,GBR,2021-02-05,28063
United Kingdom,GBR,2021-02-06,26600
United Kingdom,GBR,2021-02-07,26486
United Kingdom,GBR,2021-02-08,26452
United Kingdom,GBR,2021-02-09,25404
United Kingdom,GBR,2021-02-10,24152
United Kingdom,GBR,2021-02-11,23160
United Kingdom,GBR,2021-02-12,22093
United Kingdom,GBR,2021-02-13,20741
United Kingdom,GBR,2021-02-14,20820
United Kingdom,GBR,2021-02-15,20765
United Kingdom,GBR,2021-02-16,20000
United Kingdom,GBR,2021-02-17,19238
United Kingdom,GBR,2021-02-18,18321
United Kingdom,GBR,2021-02-19,17673
United Kingdom,GBR,2021-02-20,16856
United Kingdom,GBR,2021-02-21,16676
United Kingdom,GBR,2021-02-22,16687
United Kingdom,GBR,2021-02-23,15930
United Kingdom,GBR,2021-02-24,15378
United Kingdom,GBR,2021-02-25,14695
United Kingdom,GBR,2021-02-26,13931
United Kingdom,GBR,2021-02-27,13120
United Kingdom,GBR,2021-02-28,12645
United Kingdom,GBR,2021-03-01,12743
United Kingdom,GBR,2021-03-02,12003
United Kingdom,GBR,2021-03-03,11403
United Kingdom,GBR,2021-03-04,10819
United Kingdom,GBR,2021-03-05,10206
United Kingdom,GBR,2021-03-06,9607
United Kingdom,GBR,2021-03-07,9355
United Kingdom,GBR,2021-03-08,9364
United Kingdom,GBR,2021-03-09,8899
United Kingdom,GBR,2021-03-10,8342
United Kingdom,GBR,2021-03-11,7969
United Kingdom,GBR,2021-03-12,7632
United Kingdom,GBR,2021-03-13,7290
United Kingdom,GBR,2021-03-14,7224
United Kingdom,GBR,2021-03-15,7115
United Kingdom,GBR,2021-03-16,6754
United Kingdom,GBR,2021-03-17,6487
United Kingdom,GBR,2021-03-18,6051
United Kingdom,GBR,2021-03-19,5781
United Kingdom,GBR,2021-03-20,5468
United Kingdom,GBR,2021-03-21,5355
United Kingdom,GBR,2021-03-22,5349
United Kingdom,GBR,2021-03-23,5068
United Kingdom,GBR,2021-03-24,4797
United Kingdom,GBR,2021-03-25,4510
United Kingdom,GBR,2021-03-26,4414
United Kingdom,GBR,2021-03-27,4365
United Kingdom,GBR,2021-03-28,4112
United Kingdom,GBR,2021-03-29,4133
United Kingdom,GBR,2021-03-30,3919
United Kingdom,GBR,2021-03-31,3682
United Kingdom,GBR,2021-04-01,3497
United Kingdom,GBR,2021-04-02,3319
United Kingdom,GBR,2021-04-03,3194
United Kingdom,GBR,2021-04-04,3178
United Kingdom,GBR,2021-04-05,3207
United Kingdom,GBR,2021-04-06,3096
United Kingdom,GBR,2021-04-07,2970
United Kingdom,GBR,2021-04-08,2820
United Kingdom,GBR,2021-04-09,2750
United Kingdom,GBR,2021-04-10,2612
United Kingdom,GBR,2021-04-11,2512
United Kingdom,GBR,2021-04-12,2458
United Kingdom,GBR,2021-04-13,2375
United Kingdom,GBR,2021-04-14,2265
United Kingdom,GBR,2021-04-15,2165
United Kingdom,GBR,2021-04-16,2109
United Kingdom,GBR,2021-04-17,2003
United Kingdom,GBR,2021-04-18,1948
United Kingdom,GBR,2021-04-19,1976
United Kingdom,GBR,2021-04-20,1895
United Kingdom,GBR,2021-04-21,1861
United Kingdom,GBR,2021-04-22,1759
United Kingdom,GBR,2021-04-23,1719
United Kingdom,GBR,2021-04-24,1647
United Kingdom,GBR,2021-04-25,1596
United Kingdom,GBR,2021-04-26,1617
United Kingdom,GBR,2021-04-27,1537
United Kingdom,GBR,2021-04-28,1483
United Kingdom,GBR,2021-04-29,1439
United Kingdom,GBR,2021-04-30,1342
United Kingdom,GBR,2021-05-01,1261
United Kingdom,GBR,2021-05-02,1261
United Kingdom,GBR,2021-05-03,1278
United Kingdom,GBR,2021-05-04,1273
United Kingdom,GBR,2021-05-05,1219
United Kingdom,GBR,2021-05-06,1142
United Kingdom,GBR,2021-05-07,1141
United Kingdom,GBR,2021-05-08,1119
United Kingdom,GBR,2021-05-09,1097
United Kingdom,GBR,2021-05-10,1110
United Kingdom,GBR,2021-05-11,1088
United Kingdom,GBR,2021-05-12,1051
United Kingdom,GBR,2021-05-13,989
United Kingdom,GBR,2021-05-14,965
United Kingdom,GBR,2021-05-15,956
United Kingdom,GBR,2021-05-16,932
United Kingdom,GBR,2021-05-17,934
United Kingdom,GBR,2021-05-18,888
United Kingdom,GBR,2021-05-19,908
United Kingdom,GBR,2021-05-20,903
United Kingdom,GBR,2021-05-21,913
United Kingdom,GBR,2021-05-22,879
United Kingdom,GBR,2021-05-23,916
United Kingdom,GBR,2021-05-24,955
United Kingdom,GBR,2021-05-25,917
United Kingdom,GBR,2021-05-26,890
United Kingdom,GBR,2021-05-27,867
United Kingdom,GBR,2021-05-28,879
United Kingdom,GBR,2021-05-29,879
United Kingdom,GBR,2021-05-30,901
United Kingdom,GBR,2021-05-31,923
United Kingdom,GBR,2021-06-01,923
United Kingdom,GBR,2021-06-02,957
United Kingdom,GBR,2021-06-03,933
United Kingdom,GBR,2021-06-04,961
United Kingdom,GBR,2021-06-05,933
United Kingdom,GBR,2021-06-06,960
United Kingdom,GBR,2021-06-07,1029
United Kingdom,GBR,2021-06-08,1052
United Kingdom,GBR,2021-06-09,1060
United Kingdom,GBR,2021-06-10,1091
United Kingdom,GBR,2021-06-11,1074
United Kingdom,GBR,2021-06-12,1102
United Kingdom,GBR,2021-06-13,1138
United Kingdom,GBR,2021-06-14,1179
United Kingdom,GBR,2021-06-15,1229
United Kingdom,GBR,2021-06-16,1254
United Kingdom,GBR,2021-06-17,1319
United Kingdom,GBR,2021-06-18,1361
United Kingdom,GBR,2021-06-19,1347
United Kingdom,GBR,2021-06-20,1381
United Kingdom,GBR,2021-06-21,1514
United Kingdom,GBR,2021-06-22,1534
United Kingdom,GBR,2021-06-23,1485
United Kingdom,GBR,2021-06-24,1505
United Kingdom,GBR,2021-06-25,1526
United Kingdom,GBR,2021-06-26,1532
United Kingdom,GBR,2021-06-27,1588
United Kingdom,GBR,2021-06-28,1725
United Kingdom,GBR,2021-06-29,1727
United Kingdom,GBR,2021-06-30,1801
United Kingdom,GBR,2021-07-01,1910
United Kingdom,GBR,2021-07-02,1975
United Kingdom,GBR,2021-07-03,2016
United Kingdom,GBR,2021-07-04,2131
United Kingdom,GBR,2021-07-05,2316
United Kingdom,GBR,2021-07-06,2438
United Kingdom,GBR,2021-07-07,2627
United Kingdom,GBR,2021-07-08,2713
United Kingdom,GBR,2021-07-09,2886
United Kingdom,GBR,2021-07-10,2975
United Kingdom,GBR,2021-07-11,3118
United Kingdom,GBR,2021-07-12,3389
United Kingdom,GBR,2021-07-13,3598
United Kingdom,GBR,2021-07-14,3776
United Kingdom,GBR,2021-07-15,3949
United Kingdom,GBR,2021-07-16,4063
United Kingdom,GBR,2021-07-17,4139
United Kingdom,GBR,2021-07-18,4250
United Kingdom,GBR,2021-07-19,4557
United Kingdom,GBR,2021-07-20,4637
United Kingdom,GBR,2021-07-21,4830
United Kingdom,GBR,2021-07-22,5001
United Kingdom,GBR,2021-07-23,5202
United Kingdom,GBR,2021-07-24,5270
United Kingdom,GBR,2021-07-25,5536
United Kingdom,GBR,2021-07-26,5896
United Kingdom,GBR,2021-07-27,5993
United Kingdom,GBR,2021-07-28,6019
United Kingdom,GBR,2021-07-29,5903
United Kingdom,GBR,2021-07-30,5940
United Kingdom,GBR,2021-07-31,5876
United Kingdom,GBR,2021-08-01,5893
United Kingdom,GBR,2021-08-02,6114
United Kingdom,GBR,2021-08-03,5902
United Kingdom,GBR,2021-08-04,5697
United Kingdom,GBR,2021-08-05,5643
United Kingdom,GBR,2021-08-06,5613
United Kingdom,GBR,2021-08-07,5549
United Kingdom,GBR,2021-08-08,5690
United Kingdom,GBR,2021-08-09,5841
United Kingdom,GBR,2021-08-10,5836
United Kingdom,GBR,2021-08-11,5817
United Kingdom,GBR,2021-08-12,5779
United Kingdom,GBR,2021-08-13,5812
United Kingdom,GBR,2021-08-14,5709
United Kingdom,GBR,2021-08-15,5862
United Kingdom,GBR,2021-08-16,6193
United Kingdom,GBR,2021-08-17,6216
United Kingdom,GBR,2021-08-18,6279
United Kingdom,GBR,2021-08-19,6319
United Kingdom,GBR,2021-08-20,6332
United Kingdom,GBR,2021-08-21,6350
United Kingdom,GBR,2021-08-22,6562
United Kingdom,GBR,2021-08-23,6842
United Kingdom,GBR,2021-08-24,6774
United Kingdom,GBR,2021-08-25,6813
United Kingdom,GBR,2021-08-26,6848
United Kingdom,GBR,2021-08-27,6903
United Kingdom,GBR,2021-08-28,6797
United Kingdom,GBR,2021-08-29,6921
United Kingdom,GBR,2021-08-30,7144
United Kingdom,GBR,2021-08-31,7489
United Kingdom,GBR,2021-09-01,7482
United Kingdom,GBR,2021-09-02,7423
United Kingdom,GBR,2021-09-03,7480
United Kingdom,GBR,2021-09-04,7359
United Kingdom,GBR,2021-09-05,7556
United Kingdom,GBR,2021-09-06,7844
United Kingdom,GBR,2021-09-07,7781
United Kingdom,GBR,2021-09-08,7943
United Kingdom,GBR,2021-09-09,7962
United Kingdom,GBR,2021-09-10,8134
United Kingdom,GBR,2021-09-11,7962
United Kingdom,GBR,2021-09-12,8064
United Kingdom,GBR,2021-09-13,8278
United Kingdom,GBR,2021-09-14,8202
United Kingdom,GBR,2021-09-15,8202
United Kingdom,GBR,2021-09-16,7923
United Kingdom,GBR,2021-09-17,7713
United Kingdom,GBR,2021-09-18,7500
United Kingdom,GBR,2021-09-19,7548
United Kingdom,GBR,2021-09-20,7606
United Kingdom,GBR,2021-09-21,7423
United Kingdom,GBR,2021-09-22,7221
United Kingdom,GBR,2021-09-23,6982
United Kingdom,GBR,2021-09-24,6733
United Kingdom,GBR,2021-09-25,6775
United Kingdom,GBR,2021-09-26,6638
United Kingdom,GBR,2021-09-27,6872
United Kingdom,GBR,2021-09-28,6855
United Kingdom,GBR,2021-09-29,6750
United Kingdom,GBR,2021-09-30,6600
United Kingdom,GBR,2021-10-01,6444
United Kingdom,GBR,2021-10-02,6300
United Kingdom,GBR,2021-10-03,6451
United Kingdom,GBR,2021-10-04,6646
United Kingdom,GBR,2021-10-05,6723
United Kingdom,GBR,2021-10-06,6700
United Kingdom,GBR,2021-10-07,6650
United Kingdom,GBR,2021-10-08,6647
United Kingdom,GBR,2021-10-09,6583
United Kingdom,GBR,2021-10-10,6746
United Kingdom,GBR,2021-10-11,6890
United Kingdom,GBR,2021-10-12,6910
United Kingdom,GBR,2021-10-13,6910
United Kingdom,GBR,2021-10-14,6965
United Kingdom,GBR,2021-10-15,6969
United Kingdom,GBR,2021-10-16,7002
United Kingdom,GBR,2021-10-17,7267
United Kingdom,GBR,2021-10-18,7636
United Kingdom,GBR,2021-10-19,7788
United Kingdom,GBR,2021-10-20,8035
United Kingdom,GBR,2021-10-21,8132
United Kingdom,GBR,2021-10-22,8123
United Kingdom,GBR,2021-10-23,8121
United Kingdom,GBR,2021-10-24,8277
United Kingdom,GBR,2021-10-25,8595
United Kingdom,GBR,2021-10-26,8714
United Kingdom,GBR,2021-10-27,8827
United Kingdom,GBR,2021-10-28,8900
United Kingdom,GBR,2021-10-29,8986
United Kingdom,GBR,2021-10-30,9025
United Kingdom,GBR,2021-10-31,9179
United Kingdom,GBR,2021-11-01,9423
United Kingdom,GBR,2021-11-02,9409
United Kingdom,GBR,2021-11-03,9197
United Kingdom,GBR,2021-11-04,9049
United Kingdom,GBR,2021-11-05,8834
United Kingdom,GBR,2021-11-06,8592
United Kingdom,GBR,2021-11-07,8616
United Kingdom,GBR,2021-11-08,8769
United Kingdom,GBR,2021-11-09,8713
United Kingdom,GBR,2021-11-10,8641
United Kingdom,GBR,2021-11-11,8498
United Kingdom,GBR,2021-11-12,8397
United Kingdom,GBR,2021-11-13,8256
United Kingdom,GBR,2021-11-14,8344
United Kingdom,GBR,2021-11-15,8514
United Kingdom,GBR,2021-11-16,8237
United Kingdom,GBR,2021-11-17,8002
United Kingdom,GBR,2021-11-18,7911
United Kingdom,GBR,2021-11-19,7870
United Kingdom,GBR,2021-11-20,7754
United Kingdom,GBR,2021-11-21,7847
United Kingdom,GBR,2021-11-22,7945
United Kingdom,GBR,2021-11-23,7731
United Kingdom,GBR,2021-11-24,7487
United Kingdom,GBR,2021-11-25,7496
United Kingdom,GBR,2021-11-26,7402
United Kingdom,GBR,2021-11-27,7252
United Kingdom,GBR,2021-11-28,7276
United Kingdom,GBR,2021-11-29,7503
United Kingdom,GBR,2021-11-30,7520
United Kingdom,GBR,2021-12-01,7194
United Kingdom,GBR,2021-12-02,7260
United Kingdom,GBR,2021-12-03,7178
United Kingdom,GBR,2021-12-04,7033
United Kingdom,GBR,2021-12-05,7129
United Kingdom,GBR,2021-12-06,7234
United Kingdom,GBR,2021-12-07,7225
United Kingdom,GBR,2021-12-08,7248
United Kingdom,GBR,2021-12-09,7321
United Kingdom,GBR,2021-12-10,7280
United Kingdom,GBR,2021-12-11,7239
United Kingdom,GBR,2021-12-12,7358
United Kingdom,GBR,2021-12-13,7573
United Kingdom,GBR,2021-12-14,7576
United Kingdom,GBR,2021-12-15,7488
United Kingdom,GBR,2021-12-16,7505
United Kingdom,GBR,2021-12-17,7381
United Kingdom,GBR,2021-12-18,7323
United Kingdom,GBR,2021-12-19,7474
United Kingdom,GBR,2021-12-20,7720
United Kingdom,GBR,2021-12-21,7924
United Kingdom,GBR,2021-12-22,8150
United Kingdom,GBR,2021-12-23,8180
United Kingdom,GBR,2021-12-24,8419
United Kingdom,GBR,2021-12-25,8210
United Kingdom,GBR,2021-12-26,8615
United Kingdom,GBR,2021-12-27,9621
United Kingdom,GBR,2021-12-28,10769
United Kingdom,GBR,2021-12-29,11820
United Kingdom,GBR,2021-12-30,13003
United Kingdom,GBR,2021-12-31,14026
United Kingdom,GBR,2022-01-01,14340
United Kingdom,GBR,2022-01-02,14961
United Kingdom,GBR,2022-01-03,16134
United Kingdom,GBR,2022-01-04,17136
United Kingdom,GBR,2022-01-05,17842
United Kingdom,GBR,2022-01-06,18311
United Kingdom,GBR,2022-01-07,18492
United Kingdom,GBR,2022-01-08,18417
United Kingdom,GBR,2022-01-09,18843
United Kingdom,GBR,2022-01-10,19656
United Kingdom,GBR,2022-01-11,19561
United Kingdom,GBR,2022-01-12,19529
United Kingdom,GBR,2022-01-13,19368
United Kingdom,GBR,2022-01-14,19165
United Kingdom,GBR,2022-01-15,18913
United Kingdom,GBR,2022-01-16,19036
United Kingdom,GBR,2022-01-17,19267
United Kingdom,GBR,2022-01-18,18833
United Kingdom,GBR,2022-01-19,18327
United Kingdom,GBR,2022-01-20,17824
United Kingdom,GBR,2022-01-21,17391
United Kingdom,GBR,2022-01-22,16745
United Kingdom,GBR,2022-01-23,16721
United Kingdom,GBR,2022-01-24,16993
United Kingdom,GBR,2022-01-25,16397
United Kingdom,GBR,2022-01-26,16327
United Kingdom,GBR,2022-01-27,15983
United Kingdom,GBR,2022-01-28,15759
United Kingdom,GBR,2022-01-29,14885
United Kingdom,GBR,2022-01-30,15163
United Kingdom,GBR,2022-01-31,15514
United Kingdom,GBR,2022-02-01,15056
United Kingdom,GBR,2022-02-02,14648
United Kingdom,GBR,2022-02-03,14459
United Kingdom,GBR,2022-02-04,14021
United Kingdom,GBR,2022-02-05,13528
United Kingdom,GBR,2022-02-06,13416
United Kingdom,GBR,2022-02-07,13603
United Kingdom,GBR,2022-02-08,13360
United Kingdom,GBR,2022-02-09,12936
United Kingdom,GBR,2022-02-10,12531
United Kingdom,GBR,2022-02-11,12108
United Kingdom,GBR,2022-02-12,11757
United Kingdom,GBR,2022-02-13,11810
United Kingdom,GBR,2022-02-14,12039
United Kingdom,GBR,2022-02-15,11818
United Kingdom,GBR,2022-02-16,11485
United Kingdom,GBR,2022-02-17,11323
United Kingdom,GBR,2022-02-18,10961
United Kingdom,GBR,2022-02-19,10977
United Kingdom,GBR,2022-02-20,10886
United Kingdom,GBR,2022-02-21,11071
United Kingdom,GBR,2022-02-22,10805
United Kingdom,GBR,2022-02-23,10757
United Kingdom,GBR,2022-02-24,10472
United Kingdom,GBR,2022-02-25,10350
United Kingdom,GBR,2022-02-26,10077
United Kingdom,GBR,2022-02-27,10232
United Kingdom,GBR,2022-02-28,10479
United Kingdom,GBR,2022-03-01,10448
United Kingdom,GBR,2022-03-02,10366
United Kingdom,GBR,2022-03-03,10220
United Kingdom,GBR,2022-03-04,10422
United Kingdom,GBR,2022-03-05,10417
United Kingdom,GBR,2022-03-06,10565
United Kingdom,GBR,2022-03-07,11043
United Kingdom,GBR,2022-03-08,11367
United Kingdom,GBR,2022-03-09,11469
United Kingdom,GBR,2022-03-10,11675
United Kingdom,GBR,2022-03-11,11857
United Kingdom,GBR,2022-03-12,12161
United Kingdom,GBR,2022-03-13,12515
United Kingdom,GBR,2022-03-14,13268
United Kingdom,GBR,2022-03-15,13783
United Kingdom,GBR,2022-03-16,13965
United Kingdom,GBR,2022-03-17,14404
United Kingdom,GBR,2022-03-18,14667
United Kingdom,GBR,2022-03-19,14738
United Kingdom,GBR,2022-03-20,15189
United Kingdom,GBR,2022-03-21,15980
United Kingdom,GBR,2022-03-22,16409
United Kingdom,GBR,2022-03-23,16652
United Kingdom,GBR,2022-03-24,17119
United Kingdom,GBR,2022-03-25,17384
United Kingdom,GBR,2022-03-26,17321
United Kingdom,GBR,2022-03-27,18037
United Kingdom,GBR,2022-03-28,18807
United Kingdom,GBR,2022-03-29,19052
United Kingdom,GBR,2022-03-30,19200
United Kingdom,GBR,2022-03-31,19258
United Kingdom,GBR,2022-04-01,19605
United Kingdom,GBR,2022-04-02,19263
United Kingdom,GBR,2022-04-03,19616
United Kingdom,GBR,2022-04-04,20080
United Kingdom,GBR,2022-04-05,20089
United Kingdom,GBR,2022-04-06,20128
United Kingdom,GBR,2022-04-07,20049
United Kingdom,GBR,2022-04-08,19786
United Kingdom,GBR,2022-04-09,19209
United Kingdom,GBR,2022-04-10,19348
United Kingdom,GBR,2022-04-11,19785
United Kingdom,GBR,2022-04-12,19490
United Kingdom,GBR,2022-04-13,18750
United Kingdom,GBR,2022-04-14,18248
United Kingdom,GBR,2022-04-15,17569
United Kingdom,GBR,2022-04-16,17501
United Kingdom,GBR,2022-04-17,17336
United Kingdom,GBR,2022-04-18,17238
United Kingdom,GBR,2022-04-19,17685
United Kingdom,GBR,2022-04-20,17156
United Kingdom,GBR,2022-04-21,16230
United Kingdom,GBR,2022-04-22,15704
United Kingdom,GBR,2022-04-23,14889
United Kingdom,GBR,2022-04-24,14773
United Kingdom,GBR,2022-04-25,14588
United Kingdom,GBR,2022-04-26,13906
United Kingdom,GBR,2022-04-27,13471
United Kingdom,GBR,2022-04-28,12851
United Kingdom,GBR,2022-04-29,12287
United Kingdom,GBR,2022-04-30,11754
United Kingdom,GBR,2022-05-01,11536
United Kingdom,GBR,2022-05-02,11535
United Kingdom,GBR,2022-05-03,11428
United Kingdom,GBR,2022-05-04,11094
United Kingdom,GBR,2022-05-05,10604
United Kingdom,GBR,2022-05-06,10090
United Kingdom,GBR,2022-05-07,9584
United Kingdom,GBR,2022-05-08,9525
United Kingdom,GBR,2022-05-09,9449
United Kingdom,GBR,2022-05-10,9140
United Kingdom,GBR,2022-05-11,8752
United Kingdom,GBR,2022-05-12,8301
United Kingdom,GBR,2022-05-13,8000
United Kingdom,GBR,2022-05-14,7662
United Kingdom,GBR,2022-05-15,7646
United Kingdom,GBR,2022-05-16,7468
United Kingdom,GBR,2022-05-17,7136
United Kingdom,GBR,2022-05-18,6763
United Kingdom,GBR,2022-05-19,6618
United Kingdom,GBR,2022-05-20,6407
United Kingdom,GBR,2022-05-21,6190
United Kingdom,GBR,2022-05-22,6137
United Kingdom,GBR,2022-05-23,6124
United Kingdom,GBR,2022-05-24,5746
United Kingdom,GBR,2022-05-25,5603
United Kingdom,GBR,2022-05-26,5474
United Kingdom,GBR,2022-05-27,5224
United Kingdom,GBR,2022-05-28,5030
United Kingdom,GBR,2022-05-29,4979
United Kingdom,GBR,2022-05-30,5060
United Kingdom,GBR,2022-05-31,5021
United Kingdom,GBR,2022-06-01,4775
United Kingdom,GBR,2022-06-02,4797
United Kingdom,GBR,2022-06-03,4805
United Kingdom,GBR,2022-06-04,4765
United Kingdom,GBR,2022-06-05,4912
United Kingdom,GBR,2022-06-06,5102
United Kingdom,GBR,2022-06-07,5122
United Kingdom,GBR,2022-06-08,5109
United Kingdom,GBR,2022-06-09,5112
United Kingdom,GBR,2022-06-10,5310
United Kingdom,GBR,2022-06-11,5314
United Kingdom,GBR,2022-06-12,5485
United Kingdom,GBR,2022-06-13,5752
United Kingdom,GBR,2022-06-14,5871
United Kingdom,GBR,2022-06-15,6054
United Kingdom,GBR,2022-06-16,6238
United Kingdom,GBR,2022-06-17,6320
United Kingdom,GBR,2022-06-18,6509
United Kingdom,GBR,2022-06-19,6805
United Kingdom,GBR,2022-06-20,7167
United Kingdom,GBR,2022-06-21,7467
United Kingdom,GBR,2022-06-22,7759
United Kingdom,GBR,2022-06-23,8028
United Kingdom,GBR,2022-06-24,8450
United Kingdom,GBR,2022-06-25,8743
United Kingdom,GBR,2022-06-26,9315
United Kingdom,GBR,2022-06-27,9784
United Kingdom,GBR,2022-06-28,10123
United Kingdom,GBR,2022-06-29,10686
United Kingdom,GBR,2022-06-30,11087
United Kingdom,GBR,2022-07-01,11627
United Kingdom,GBR,2022-07-02,11932
United Kingdom,GBR,2022-07-03,12330
United Kingdom,GBR,2022-07-04,13111
United Kingdom,GBR,2022-07-05,13588
United Kingdom,GBR,2022-07-06,14086
United Kingdom,GBR,2022-07-07,14482
United Kingdom,GBR,2022-07-08,14908
United Kingdom,GBR,2022-07-09,15091
United Kingdom,GBR,2022-07-10,15590
United Kingdom,GBR,2022-07-11,16065
United Kingdom,GBR,2022-07-12,16470
United Kingdom,GBR,2022-07-13,16602
United Kingdom,GBR,2022-07-14,16704
United Kingdom,GBR,2022-07-15,16831
United Kingdom,GBR,2022-07-16,16500
United Kingdom,GBR,2022-07-17,16602
United Kingdom,GBR,2022-07-18,16747
United Kingdom,GBR,2022-07-19,16558
United Kingdom,GBR,2022-07-20,16254
United Kingdom,GBR,2022-07-21,16051
United Kingdom,GBR,2022-07-22,15796
United Kingdom,GBR,2022-07-23,14966
United Kingdom,GBR,2022-07-24,15044
United Kingdom,GBR,2022-07-25,14981
United Kingdom,GBR,2022-07-26,14556
United Kingdom,GBR,2022-07-27,14262
United Kingdom,GBR,2022-07-28,13716
United Kingdom,GBR,2022-07-29,13366
United Kingdom,GBR,2022-07-30,12670
United Kingdom,GBR,2022-07-31,12540
United Kingdom,GBR,2022-08-01,12502
United Kingdom,GBR,2022-08-02,12203
United Kingdom,GBR,2022-08-03,11796
United Kingdom,GBR,2022-08-04,11411
United Kingdom,GBR,2022-08-05,10973
United Kingdom,GBR,2022-08-06,10566
United Kingdom,GBR,2022-08-07,10510
United Kingdom,GBR,2022-08-08,10604
United Kingdom,GBR,2022-08-09,10271
United Kingdom,GBR,2022-08-10,10120
United Kingdom,GBR,2022-08-11,9938
United Kingdom,GBR,2022-08-12,9665
United Kingdom,GBR,2022-08-13,9601
United Kingdom,GBR,2022-08-14,9750
United Kingdom,GBR,2022-08-15,9724
United Kingdom,GBR,2022-08-16,9433
United Kingdom,GBR,2022-08-17,9048
United Kingdom,GBR,2022-08-18,8913
United Kingdom,GBR,2022-08-19,8516
United Kingdom,GBR,2022-08-20,8190
United Kingdom,GBR,2022-08-21,8116
United Kingdom,GBR,2022-08-22,8218
United Kingdom,GBR,2022-08-23,7753
United Kingdom,GBR,2022-08-24,7572
United Kingdom,GBR,2022-08-25,7500
United Kingdom,GBR,2022-08-26,7005
United Kingdom,GBR,2022-08-27,6947
United Kingdom,GBR,2022-08-28,6871
United Kingdom,GBR,2022-08-29,6930
United Kingdom,GBR,2022-08-30,6930
United Kingdom,GBR,2022-08-31,6828
United Kingdom,GBR,2022-09-01,6733
United Kingdom,GBR,2022-09-02,6497
United Kingdom,GBR,2022-09-03,6322
United Kingdom,GBR,2022-09-04,6359
United Kingdom,GBR,2022-09-05,6363
United Kingdom,GBR,2022-09-06,6257
United Kingdom,GBR,2022-09-07,6078
United Kingdom,GBR,2022-09-08,6022
United Kingdom,GBR,2022-09-09,5915
United Kingdom,GBR,2022-09-10,5752
United Kingdom,GBR,2022-09-11,5784
United Kingdom,GBR,2022-09-12,5725
United Kingdom,GBR,2022-09-13,5677
United Kingdom,GBR,2022-09-14,5596
United Kingdom,GBR,2022-09-15,5625
United Kingdom,GBR,2022-09-16,5591
United Kingdom,GBR,2022-09-17,5487
United Kingdom,GBR,2022-09-18,5585
United Kingdom,GBR,2022-09-19,5751
United Kingdom,GBR,2022-09-20,5906
United Kingdom,GBR,2022-09-21,6199
United Kingdom,GBR,2022-09-22,6480
United Kingdom,GBR,2022-09-23,6735
United Kingdom,GBR,2022-09-24,6950
United Kingdom,GBR,2022-09-25,7222
United Kingdom,GBR,2022-09-26,7676
United Kingdom,GBR,2022-09-27,8033
United Kingdom,GBR,2022-09-28,8289
United Kingdom,GBR,2022-09-29,8559
United Kingdom,GBR,2022-09-30,8975
United Kingdom,GBR,2022-10-01,9407
United Kingdom,GBR,2022-10-02,9749
United Kingdom,GBR,2022-10-03,10268
United Kingdom,GBR,2022-10-04,10770
United Kingdom,GBR,2022-10-05,11142
United Kingdom,GBR,2022-10-06,11460
United Kingdom,GBR,2022-10-07,11635
United Kingdom,GBR,2022-10-08,11630
United Kingdom,GBR,2022-10-09,11813
United Kingdom,GBR,2022-10-10,12071
United Kingdom,GBR,2022-10-11,12179
United Kingdom,GBR,2022-10-12,12314
United Kingdom,GBR,2022-10-13,12229
United Kingdom,GBR,2022-10-14,12079
United Kingdom,GBR,2022-10-15,12191
United Kingdom,GBR,2022-10-16,12294
United Kingdom,GBR,2022-10-17,12393
United Kingdom,GBR,2022-10-18,12273
United Kingdom,GBR,2022-10-19,12041
United Kingdom,GBR,2022-10-20,11772
United Kingdom,GBR,2022-10-21,11594
United Kingdom,GBR,2022-10-22,11426
United Kingdom,GBR,2022-10-23,11406
United Kingdom,GBR,2022-10-24,11340
United Kingdom,GBR,2022-10-25,10978
United Kingdom,GBR,2022-10-26,10749
United Kingdom,GBR,2022-10-27,10439
United Kingdom,GBR,2022-10-28,10230
United Kingdom,GBR,2022-10-29,9827
United Kingdom,GBR,2022-10-30,9730
United Kingdom,GBR,2022-10-31,9511
United Kingdom,GBR,2022-11-01,8998
United Kingdom,GBR,2022-11-02,8612
United Kingdom,GBR,2022-11-03,8256
United Kingdom,GBR,2022-11-04,7927
United Kingdom,GBR,2022-11-05,7633
United Kingdom,GBR,2022-11-06,7466
United Kingdom,GBR,2022-11-07,7256
United Kingdom,GBR,2022-11-08,7077
United Kingdom,GBR,2022-11-09,6847
United Kingdom,GBR,2022-11-10,6722
United Kingdom,GBR,2022-11-11,6536
United Kingdom,GBR,2022-11-12,6425
United Kingdom,GBR,2022-11-13,6421
United Kingdom,GBR,2022-11-14,6433
United Kingdom,GBR,2022-11-15,6289
United Kingdom,GBR,2022-11-16,6127
United Kingdom,GBR,2022-11-17,5935
United Kingdom,GBR,2022-11-18,5834
United Kingdom,GBR,2022-11-19,5749
United Kingdom,GBR,2022-11-20,5763
United Kingdom,GBR,2022-11-21,5746
United Kingdom,GBR,2022-11-22,5720
United Kingdom,GBR,2022-11-23,5655
United Kingdom,GBR,2022-11-24,5733
United Kingdom,GBR,2022-11-25,5656
United Kingdom,GBR,2022-11-26,5579
United Kingdom,GBR,2022-11-27,5650
United Kingdom,GBR,2022-11-28,5801
United Kingdom,GBR,2022-11-29,5861
United Kingdom,GBR,2022-11-30,6024
United Kingdom,GBR,2022-12-01,6067
United Kingdom,GBR,2022-12-02,6105
United Kingdom,GBR,2022-12-03,6093
United Kingdom,GBR,2022-12-04,6230
United Kingdom,GBR,2022-12-05,6390
United Kingdom,GBR,2022-12-06,6507
United Kingdom,GBR,2022-12-07,6672
United Kingdom,GBR,2022-12-08,6831
United Kingdom,GBR,2022-12-09,7018
United Kingdom,GBR,2022-12-10,7183
United Kingdom,GBR,2022-12-11,7351
United Kingdom,GBR,2022-12-12,7503
United Kingdom,GBR,2022-12-13,7759
United Kingdom,GBR,2022-12-14,8155
United Kingdom,GBR,2022-12-15,8448
United Kingdom,GBR,2022-12-16,8717
United Kingdom,GBR,2022-12-17,8976
United Kingdom,GBR,2022-12-18,9319
United Kingdom,GBR,2022-12-19,9756
United Kingdom,GBR,2022-12-20,10144
United Kingdom,GBR,2022-12-21,10491
United Kingdom,GBR,2022-12-22,10849
United Kingdom,GBR,2022-12-23,10984
United Kingdom,GBR,2022-12-24,10998
United Kingdom,GBR,2022-12-25,10923
United Kingdom,GBR,2022-12-26,11160
United Kingdom,GBR,2022-12-27,11306
United Kingdom,GBR,2022-12-28,11538
United Kingdom,GBR,2022-12-29,11670
United Kingdom,GBR,2022-12-30,11722
United Kingdom,GBR,2022-12-31,11584
United Kingdom,GBR,2023-01-01,11703
United Kingdom,GBR,2023-01-02,11740
United Kingdom,GBR,2023-01-03,11629
United Kingdom,GBR,2023-01-04,11627
United Kingdom,GBR,2023-01-05,11318
United Kingdom,GBR,2023-01-06,10827
United Kingdom,GBR,2023-01-07,10673
United Kingdom,GBR,2023-01-08,10521
United Kingdom,GBR,2023-01-09,10471
United Kingdom,GBR,2023-01-10,10083
United Kingdom,GBR,2023-01-11,9707
United Kingdom,GBR,2023-01-12,9353
United Kingdom,GBR,2023-01-13,9010
United Kingdom,GBR,2023-01-14,8657
United Kingdom,GBR,2023-01-15,8483
United Kingdom,GBR,2023-01-16,8393
United Kingdom,GBR,2023-01-17,8270
United Kingdom,GBR,2023-01-18,7848
United Kingdom,GBR,2023-01-19,7499
United Kingdom,GBR,2023-01-20,7302
United Kingdom,GBR,2023-01-21,7050
United Kingdom,GBR,2023-01-22,7022
United Kingdom,GBR,2023-01-23,7122
United Kingdom,GBR,2023-01-24,6926
United Kingdom,GBR,2023-01-25,6886
United Kingdom,GBR,2023-01-26,6879
United Kingdom,GBR,2023-01-27,6882
United Kingdom,GBR,2023-01-28,6917
United Kingdom,GBR,2023-01-29,6999
United Kingdom,GBR,2023-01-30,7132
United Kingdom,GBR,2023-01-31,7159
United Kingdom,GBR,2023-02-01,7212
United Kingdom,GBR,2023-02-02,7337
United Kingdom,GBR,2023-02-03,7417
United Kingdom,GBR,2023-02-04,7386
United Kingdom,GBR,2023-02-05,7496
United Kingdom,GBR,2023-02-06,7646
United Kingdom,GBR,2023-02-07,7591
United Kingdom,GBR,2023-02-08,7574
United Kingdom,GBR,2023-02-09,7579
United Kingdom,GBR,2023-02-10,7602
United Kingdom,GBR,2023-02-11,7248
United Kingdom,GBR,2023-02-12,7495
United Kingdom,GBR,2023-02-13,7730
United Kingdom,GBR,2023-02-14,7835
United Kingdom,GBR,2023-02-15,8408
United Kingdom,GBR,2023-02-16,8080
United Kingdom,GBR,2023-02-17,8184
United Kingdom,GBR,2023-02-18,8277
United Kingdom,GBR,2023-02-19,8447
United Kingdom,GBR,2023-02-20,8699
United Kingdom,GBR,2023-02-21,8684
United Kingdom,GBR,2023-02-22,9259
United Kingdom,GBR,2023-02-23,8884
United Kingdom,GBR,2023-02-24,8367
United Kingdom,GBR,2023-02-25,8264
United Kingdom,GBR,2023-02-26,8333
United Kingdom,GBR,2023-02-27,8407
United Kingdom,GBR,2023-02-28,8412
United Kingdom,GBR,2023-03-01,8837
United Kingdom,GBR,2023-03-02,8398
United Kingdom,GBR,2023-03-03,8386
United Kingdom,GBR,2023-03-04,8229
United Kingdom,GBR,2023-03-05,8365
United Kingdom,GBR,2023-03-06,8491
United Kingdom,GBR,2023-03-07,8566
United Kingdom,GBR,2023-03-08,9233
United Kingdom,GBR,2023-03-09,8585
United Kingdom,GBR,2023-03-10,8894
United Kingdom,GBR,2023-03-11,8851
United Kingdom,GBR,2023-03-12,8971
United Kingdom,GBR,2023-03-13,9292
United Kingdom,GBR,2023-03-14,9447
United Kingdom,GBR,2023-03-15,10370
United Kingdom,GBR,2023-03-16,9552
United Kingdom,GBR,2023-03-17,9544
United Kingdom,GBR,2023-03-18,9560
United Kingdom,GBR,2023-03-19,9696
United Kingdom,GBR,2023-03-20,9929
United Kingdom,GBR,2023-03-21,9958
United Kingdom,GBR,2023-03-22,10467
United Kingdom,GBR,2023-03-23,9816
United Kingdom,GBR,2023-03-24,9705
United Kingdom,GBR,2023-03-25,9632
United Kingdom,GBR,2023-03-26,9690
United Kingdom,GBR,2023-03-27,9747
United Kingdom,GBR,2023-03-28,9518
United Kingdom,GBR,2023-03-29,10042
United Kingdom,GBR,2023-03-30,9163
United Kingdom,GBR,2023-03-31,9146
United Kingdom,GBR,2023-04-01,8867
United Kingdom,GBR,2023-04-02,8908
United Kingdom,GBR,2023-04-03,8943
United Kingdom,GBR,2023-04-04,8816
United Kingdom,GBR,2023-04-05,8864
United Kingdom,GBR,2023-04-06,8113
United Kingdom,GBR,2023-04-07,7879
United Kingdom,GBR,2023-04-08,7726
United Kingdom,GBR,2023-04-09,7646
United Kingdom,GBR,2023-04-10,8324
United Kingdom,GBR,2023-04-11,7872
United Kingdom,GBR,2023-04-12,8201
United Kingdom,GBR,2023-04-13,7525
United Kingdom,GBR,2023-04-14,7205
United Kingdom,GBR,2023-04-15,6966
United Kingdom,GBR,2023-04-16,6928
United Kingdom,GBR,2023-04-17,6926
United Kingdom,GBR,2023-04-18,6749
United Kingdom,GBR,2023-04-19,7179
United Kingdom,GBR,2023-04-20,6467
United Kingdom,GBR,2023-04-21,6202
United Kingdom,GBR,2023-04-22,5964
United Kingdom,GBR,2023-04-23,5946
United Kingdom,GBR,2023-04-24,5978
United Kingdom,GBR,2023-04-25,5825
United Kingdom,GBR,2023-04-26,6153
United Kingdom,GBR,2023-04-27,5555
United Kingdom,GBR,2023-04-28,5424
United Kingdom,GBR,2023-04-29,5143
United Kingdom,GBR,2023-04-30,5282
United Kingdom,GBR,2023-05-01,5318
United Kingdom,GBR,2023-05-02,5385
United Kingdom,GBR,2023-05-03,5699
United Kingdom,GBR,2023-05-04,5121
United Kingdom,GBR,2023-05-05,5011
United Kingdom,GBR,2023-05-06,4877
United Kingdom,GBR,2023-05-07,4837
United Kingdom,GBR,2023-05-08,4887
United Kingdom,GBR,2023-05-09,4570
United Kingdom,GBR,2023-05-10,4825
United Kingdom,GBR,2023-05-11,4287
United Kingdom,GBR,2023-05-12,4237
United Kingdom,GBR,2023-05-13,4138
United Kingdom,GBR,2023-05-14,4083
United Kingdom,GBR,2023-05-15,3991
United Kingdom,GBR,2023-05-16,3890
United Kingdom,GBR,2023-05-17,4080
United Kingdom,GBR,2023-05-18,3701
United Kingdom,GBR,2023-05-19,3579
United Kingdom,GBR,2023-05-20,3445
United Kingdom,GBR,2023-05-21,3400
United Kingdom,GBR,2023-05-22,3318
United Kingdom,GBR,2023-05-23,3324
United Kingdom,GBR,2023-05-24,3580
United Kingdom,GBR,2023-05-25,3212
United Kingdom,GBR,2023-05-26,3177
United Kingdom,GBR,2023-05-27,3004
United Kingdom,GBR,2023-05-28,2949
United Kingdom,GBR,2023-05-29,3014
United Kingdom,GBR,2023-05-30,2950
United Kingdom,GBR,2023-05-31,3205
United Kingdom,GBR,2023-06-01,2771
United Kingdom,GBR,2023-06-02,2753
United Kingdom,GBR,2023-06-03,2599
United Kingdom,GBR,2023-06-04,2615
United Kingdom,GBR,2023-06-05,2608
United Kingdom,GBR,2023-06-06,2550
United Kingdom,GBR,2023-06-07,2728
United Kingdom,GBR,2023-06-08,2496
United Kingdom,GBR,2023-06-09,2438
United Kingdom,GBR,2023-06-10,2373
United Kingdom,GBR,2023-06-11,2364
United Kingdom,GBR,2023-06-12,2396
United Kingdom,GBR,2023-06-13,2343
United Kingdom,GBR,2023-06-14,2543
United Kingdom,GBR,2023-06-15,2234
United Kingdom,GBR,2023-06-16,2172
United Kingdom,GBR,2023-06-17,2090
United Kingdom,GBR,2023-06-18,2021
United Kingdom,GBR,2023-06-19,1997
United Kingdom,GBR,2023-06-20,1896
United Kingdom,GBR,2023-06-21,1990
United Kingdom,GBR,2023-06-22,1738
United Kingdom,GBR,2023-06-23,1596
United Kingdom,GBR,2023-06-24,1543
United Kingdom,GBR,2023-06-25,1490
United Kingdom,GBR,2023-06-26,1489
United Kingdom,GBR,2023-06-27,1436
United Kingdom,GBR,2023-06-28,1574
United Kingdom,GBR,2023-06-29,1331
United Kingdom,GBR,2023-06-30,1269
United Kingdom,GBR,2023-07-01,1239
United Kingdom,GBR,2023-07-02,1230
United Kingdom,GBR,2023-07-03,1205
United Kingdom,GBR,2023-07-04,1206
United Kingdom,GBR,2023-07-05,1315
United Kingdom,GBR,2023-07-06,1143
United Kingdom,GBR,2023-07-07,1140
United Kingdom,GBR,2023-07-08,1154
United Kingdom,GBR,2023-07-09,1154
United Kingdom,GBR,2023-07-10,1148
United Kingdom,GBR,2023-07-11,1146
United Kingdom,GBR,2023-07-12,1325
United States,USA,2020-07-15,33760
United States,USA,2020-07-16,38539
United States,USA,2020-07-17,40062
United States,USA,2020-07-18,40376
United States,USA,2020-07-19,37897
United States,USA,2020-07-20,41140
United States,USA,2020-07-21,42195
United States,USA,2020-07-22,46107
United States,USA,2020-07-23,47834
United States,USA,2020-07-24,46748
United States,USA,2020-07-25,51831
United States,USA,2020-07-26,43096
United States,USA,2020-07-27,47165
United States,USA,2020-07-28,48115
United States,USA,2020-07-29,45617
United States,USA,2020-07-30,46832
United States,USA,2020-07-31,46150
United States,USA,2020-08-01,50419
United States,USA,2020-08-02,50238
United States,USA,2020-08-03,45291
United States,USA,2020-08-04,45134
United States,USA,2020-08-05,44663
United States,USA,2020-08-06,43891
United States,USA,2020-08-07,43210
United States,USA,2020-08-08,41593
United States,USA,2020-08-09,41484
United States,USA,2020-08-10,42072
United States,USA,2020-08-11,41645
United States,USA,2020-08-12,41817
United States,USA,2020-08-13,41240
United States,USA,2020-08-14,39980
United States,USA,2020-08-15,38699
United States,USA,2020-08-16,38850
United States,USA,2020-08-17,39032
United States,USA,2020-08-18,38897
United States,USA,2020-08-19,38002
United States,USA,2020-08-20,37321
United States,USA,2020-08-21,35972
United States,USA,2020-08-22,34888
United States,USA,2020-08-23,34609
United States,USA,2020-08-24,34791
United States,USA,2020-08-25,34479
United States,USA,2020-08-26,33624
United States,USA,2020-08-27,33285
United States,USA,2020-08-28,31898
United States,USA,2020-08-29,31178
United States,USA,2020-08-30,31075
United States,USA,2020-08-31,31395
United States,USA,2020-09-01,31118
United States,USA,2020-09-02,30827
United States,USA,2020-09-03,30296
United States,USA,2020-09-04,29879
United States,USA,2020-09-05,28845
United States,USA,2020-09-06,28369
United States,USA,2020-09-07,28589
United States,USA,2020-09-08,28951
United States,USA,2020-09-09,28775
United States,USA,2020-09-10,28065
United States,USA,2020-09-11,27368
United States,USA,2020-09-12,26512
United States,USA,2020-09-13,26329
United States,USA,2020-09-14,26788
United States,USA,2020-09-15,26935
United States,USA,2020-09-16,26372
United States,USA,2020-09-17,26085
United States,USA,2020-09-18,25833
United States,USA,2020-09-19,25480
United States,USA,2020-09-20,25543
United States,USA,2020-09-21,26379
United States,USA,2020-09-22,26440
United States,USA,2020-09-23,26484
United States,USA,2020-09-24,26407
United States,USA,2020-09-25,26275
United States,USA,2020-09-26,25904
United States,USA,2020-09-27,25970
United States,USA,2020-09-28,27021
United States,USA,2020-09-29,27505
United States,USA,2020-09-30,27669
United States,USA,2020-10-01,27478
United States,USA,2020-10-02,27407
United States,USA,2020-10-03,27271
United States,USA,2020-10-04,27871
United States,USA,2020-10-05,28956
United States,USA,2020-10-06,29999
United States,USA,2020-10-07,30543
United States,USA,2020-10-08,31015
United States,USA,2020-10-09,31207
United States,USA,2020-10-10,30981
United States,USA,2020-10-11,31435
United States,USA,2020-10-12,32780
United States,USA,2020-10-13,33508
United States,USA,2020-10-14,33936
United States,USA,2020-10-15,34388
United States,USA,2020-10-16,34641
United States,USA,2020-10-17,34322
United States,USA,2020-10-18,35016
United States,USA,2020-10-19,36432
United States,USA,2020-10-20,37414
United States,USA,2020-10-21,38105
United States,USA,2020-10-22,38849
United States,USA,2020-10-23,39080
United States,USA,2020-10-24,39341
United States,USA,2020-10-25,39986
United States,USA,2020-10-26,41336
United States,USA,2020-10-27,42272
United States,USA,2020-10-28,43487
United States,USA,2020-10-29,44166
United States,USA,2020-10-30,45075
United States,USA,2020-10-31,45049
United States,USA,2020-11-01,46054
United States,USA,2020-11-02,47938
United States,USA,2020-11-03,49028
United States,USA,2020-11-04,50468
United States,USA,2020-11-05,51790
United States,USA,2020-11-06,52843
United States,USA,2020-11-07,53822
United States,USA,2020-11-08,55716
United States,USA,2020-11-09,58475
United States,USA,2020-11-10,61421
United States,USA,2020-11-11,63328
United States,USA,2020-11-12,65219
United States,USA,2020-11-13,66128
United States,USA,2020-11-14,67220
United States,USA,2020-11-15,69518
United States,USA,2020-11-16,73100
United States,USA,2020-11-17,75499
United States,USA,2020-11-18,77320
United States,USA,2020-11-19,78344
United States,USA,2020-11-20,79739
United States,USA,2020-11-21,79864
United States,USA,2020-11-22,81798
United States,USA,2020-11-23,84179
United States,USA,2020-11-24,86042
United States,USA,2020-11-25,87127
United States,USA,2020-11-26,86555
United States,USA,2020-11-27,88105
United States,USA,2020-11-28,89606
United States,USA,2020-11-29,92453
United States,USA,2020-11-30,95096
United States,USA,2020-12-01,96674
United States,USA,2020-12-02,97842
United States,USA,2020-12-03,97853
United States,USA,2020-12-04,98143
United States,USA,2020-12-05,97247
United States,USA,2020-12-06,98654
United States,USA,2020-12-07,101028
United States,USA,2020-12-08,102304
United States,USA,2020-12-09,104371
United States,USA,2020-12-10,105048
United States,USA,2020-12-11,105653
United States,USA,2020-12-12,105358
United States,USA,2020-12-13,107402
United States,USA,2020-12-14,109689
United States,USA,2020-12-15,110996
United States,USA,2020-12-16,111997
United States,USA,2020-12-17,112445
United States,USA,2020-12-18,112114
United States,USA,2020-12-19,111037
United States,USA,2020-12-20,112401
United States,USA,2020-12-21,114649
United States,USA,2020-12-22,117528
United States,USA,2020-12-23,118106
United States,USA,2020-12-24,116274
United States,USA,2020-12-25,113496
United States,USA,2020-12-26,115521
United States,USA,2020-12-27,118988
United States,USA,2020-12-28,121425
United States,USA,2020-12-29,122665
United States,USA,2020-12-30,123922
United States,USA,2020-12-31,123347
United States,USA,2021-01-01,121053
United States,USA,2021-01-02,122668
United States,USA,2021-01-03,125595
United States,USA,2021-01-04,127427
United States,USA,2021-01-05,128859
United States,USA,2021-01-06,129800
United States,USA,2021-01-07,128814
United States,USA,2021-01-08,127888
United States,USA,2021-01-09,126420
United States,USA,2021-01-10,126533
United States,USA,2021-01-11,127641
United States,USA,2021-01-12,127090
United States,USA,2021-01-13,126556
United States,USA,2021-01-14,133263
United States,USA,2021-01-15,123785
United States,USA,2021-01-16,121134
United States,USA,2021-01-17,120830
United States,USA,2021-01-18,120422
United States,USA,2021-01-19,119384
United States,USA,2021-01-20,117115
United States,USA,2021-01-21,114097
United States,USA,2021-01-22,111831
United States,USA,2021-01-23,108122
United States,USA,2021-01-24,107004
United States,USA,2021-01-25,106268
United States,USA,2021-01-26,104627
United States,USA,2021-01-27,102636
United States,USA,2021-01-28,100050
United States,USA,2021-01-29,96109
United States,USA,2021-01-30,92546
United States,USA,2021-01-31,91436
United States,USA,2021-02-01,90582
United States,USA,2021-02-02,89004
United States,USA,2021-02-03,87279
United States,USA,2021-02-04,84602
United States,USA,2021-02-05,82137
United States,USA,2021-02-06,79111
United States,USA,2021-02-07,77864
United States,USA,2021-02-08,76870
United States,USA,2021-02-09,75626
United States,USA,2021-02-10,72845
United States,USA,2021-02-11,70107
United States,USA,2021-02-12,67536
United States,USA,2021-02-13,64759
United States,USA,2021-02-14,63297
United States,USA,2021-02-15,62214
United States,USA,2021-02-16,61504
United States,USA,2021-02-17,62245
United States,USA,2021-02-18,58308
United States,USA,2021-02-19,56738
United States,USA,2021-02-20,54401
United States,USA,2021-02-21,53614
United States,USA,2021-02-22,53026
United States,USA,2021-02-23,51984
United States,USA,2021-02-24,50956
United States,USA,2021-02-25,49045
United States,USA,2021-02-26,47227
United States,USA,2021-02-27,45334
United States,USA,2021-02-28,44872
United States,USA,2021-03-01,43721
United States,USA,2021-03-02,42650
United States,USA,2021-03-03,42153
United States,USA,2021-03-04,40175
United States,USA,2021-03-05,39581
United States,USA,2021-03-06,38206
United States,USA,2021-03-07,37769
United States,USA,2021-03-08,37687
United States,USA,2021-03-09,37040
United States,USA,2021-03-10,36661
United States,USA,2021-03-11,35914
United States,USA,2021-03-12,35647
United States,USA,2021-03-13,34983
United States,USA,2021-03-14,34412
United States,USA,2021-03-15,34701
United States,USA,2021-03-16,34577
United States,USA,2021-03-17,34595
United States,USA,2021-03-18,34104
United States,USA,2021-03-19,34035
United States,USA,2021-03-20,33214
United States,USA,2021-03-21,33283
United States,USA,2021-03-22,33742
United States,USA,2021-03-23,33996
United States,USA,2021-03-24,34367
United States,USA,2021-03-25,34362
United States,USA,2021-03-26,34634
United States,USA,2021-03-27,33946
United States,USA,2021-03-28,34464
United States,USA,2021-03-29,35027
United States,USA,2021-03-30,35418
United States,USA,2021-03-31,35567
United States,USA,2021-04-01,35571
United States,USA,2021-04-02,35607
United States,USA,2021-04-03,35195
United States,USA,2021-04-04,35675
United States,USA,2021-04-05,36624
United States,USA,2021-04-06,37551
United States,USA,2021-04-07,37748
United States,USA,2021-04-08,37953
United States,USA,2021-04-09,37856
United States,USA,2021-04-10,37546
United States,USA,2021-04-11,38089
United States,USA,2021-04-12,38927
United States,USA,2021-04-13,39201
United States,USA,2021-04-14,39469
United States,USA,2021-04-15,39188
United States,USA,2021-04-16,39406
United States,USA,2021-04-17,39012
United States,USA,2021-04-18,39460
United States,USA,2021-04-19,40212
United States,USA,2021-04-20,40206
United States,USA,2021-04-21,40046
United States,USA,2021-04-22,39201
United States,USA,2021-04-23,38562
United States,USA,2021-04-24,37357
United States,USA,2021-04-25,37133
United States,USA,2021-04-26,37540
United States,USA,2021-04-27,37207
United States,USA,2021-04-28,36881
United States,USA,2021-04-29,35989
United States,USA,2021-04-30,35364
United States,USA,2021-05-01,34005
United States,USA,2021-05-02,33764
United States,USA,2021-05-03,33964
United States,USA,2021-05-04,33755
United States,USA,2021-05-05,33339
United States,USA,2021-05-06,32505
United States,USA,2021-05-07,31832
United States,USA,2021-05-08,30635
United States,USA,2021-05-09,30154
United States,USA,2021-05-10,29987
United States,USA,2021-05-11,29482
United States,USA,2021-05-12,29113
United States,USA,2021-05-13,28174
United States,USA,2021-05-14,27422
United States,USA,2021-05-15,26184
United States,USA,2021-05-16,25646
United States,USA,2021-05-17,25563
United States,USA,2021-05-18,25023
United States,USA,2021-05-19,24925
United States,USA,2021-05-20,23954
United States,USA,2021-05-21,23397
United States,USA,2021-05-22,22643
United States,USA,2021-05-23,22445
United States,USA,2021-05-24,22431
United States,USA,2021-05-25,22087
United States,USA,2021-05-26,21598
United States,USA,2021-05-27,21056
United States,USA,2021-05-28,20398
United States,USA,2021-05-29,19474
United States,USA,2021-05-30,19062
United States,USA,2021-05-31,18678
United States,USA,2021-06-01,18657
United States,USA,2021-06-02,18083
United States,USA,2021-06-03,17634
United States,USA,2021-06-04,16970
United States,USA,2021-06-05,16298
United States,USA,2021-06-06,15987
United States,USA,2021-06-07,15742
United States,USA,2021-06-08,15630
United States,USA,2021-06-09,15262
United States,USA,2021-06-10,14838
United States,USA,2021-06-11,14421
United States,USA,2021-06-12,13940
United States,USA,2021-06-13,13957
United States,USA,2021-06-14,13929
United States,USA,2021-06-15,13722
United States,USA,2021-06-16,13494
United States,USA,2021-06-17,13094
United States,USA,2021-06-18,12855
United States,USA,2021-06-19,12482
United States,USA,2021-06-20,12502
United States,USA,2021-06-21,12592
United States,USA,2021-06-22,12538
United States,USA,2021-06-23,12608
United States,USA,2021-06-24,12396
United States,USA,2021-06-25,12408
United States,USA,2021-06-26,12238
United States,USA,2021-06-27,12233
United States,USA,2021-06-28,12510
United States,USA,2021-06-29,12662
United States,USA,2021-06-30,12877
United States,USA,2021-07-01,12863
United States,USA,2021-07-02,13234
United States,USA,2021-07-03,12916
United States,USA,2021-07-04,13121
United States,USA,2021-07-05,13433
United States,USA,2021-07-06,13974
United States,USA,2021-07-07,14664
United States,USA,2021-07-08,15074
United States,USA,2021-07-09,15409
United States,USA,2021-07-10,15710
United States,USA,2021-07-11,16396
United States,USA,2021-07-12,17330
United States,USA,2021-07-13,18204
United States,USA,2021-07-14,19085
United States,USA,2021-07-15,19915
United States,USA,2021-07-16,20874
United States,USA,2021-07-17,21595
United States,USA,2021-07-18,22564
United States,USA,2021-07-19,24261
United States,USA,2021-07-20,25700
United States,USA,2021-07-21,27055
United States,USA,2021-07-22,28605
United States,USA,2021-07-23,30295
United States,USA,2021-07-24,31469
United States,USA,2021-07-25,33406
United States,USA,2021-07-26,35748
United States,USA,2021-07-27,38296
United States,USA,2021-07-28,40473
United States,USA,2021-07-29,42200
United States,USA,2021-07-30,44541
United States,USA,2021-07-31,46428
United States,USA,2021-08-01,48538
United States,USA,2021-08-02,51780
United States,USA,2021-08-03,54470
United States,USA,2021-08-04,56945
United States,USA,2021-08-05,59587
United States,USA,2021-08-06,62122
United States,USA,2021-08-07,63544
United States,USA,2021-08-08,66369
United States,USA,2021-08-09,69838
United States,USA,2021-08-10,72521
United States,USA,2021-08-11,74823
United States,USA,2021-08-12,76968
United States,USA,2021-08-13,78580
United States,USA,2021-08-14,79622
United States,USA,2021-08-15,81624
United States,USA,2021-08-16,84313
United States,USA,2021-08-17,86744
United States,USA,2021-08-18,88626
United States,USA,2021-08-19,89428
United States,USA,2021-08-20,90191
United States,USA,2021-08-21,90417
United States,USA,2021-08-22,92239
United States,USA,2021-08-23,94682
United States,USA,2021-08-24,95992
United States,USA,2021-08-25,95976
United States,USA,2021-08-26,96370
United States,USA,2021-08-27,96192
United States,USA,2021-08-28,95071
United States,USA,2021-08-29,96125
United States,USA,2021-08-30,97200
United States,USA,2021-08-31,97821
United States,USA,2021-09-01,97992
United States,USA,2021-09-02,97811
United States,USA,2021-09-03,96835
United States,USA,2021-09-04,95082
United States,USA,2021-09-05,95280
United States,USA,2021-09-06,95910
United States,USA,2021-09-07,96810
United States,USA,2021-09-08,96485
United States,USA,2021-09-09,95684
United States,USA,2021-09-10,94559
United States,USA,2021-09-11,91979
United States,USA,2021-09-12,91541
United States,USA,2021-09-13,92158
United States,USA,2021-09-14,90633
United States,USA,2021-09-15,89538
United States,USA,2021-09-16,88250
United States,USA,2021-09-17,86780
United States,USA,2021-09-18,84475
United States,USA,2021-09-19,83494
United States,USA,2021-09-20,83675
United States,USA,2021-09-21,82358
United States,USA,2021-09-22,80843
United States,USA,2021-09-23,79242
United States,USA,2021-09-24,77387
United States,USA,2021-09-25,74807
United States,USA,2021-09-26,74161
United States,USA,2021-09-27,73886
United States,USA,2021-09-28,72525
United States,USA,2021-09-29,70704
United States,USA,2021-09-30,68918
United States,USA,2021-10-01,67124
United States,USA,2021-10-02,64834
United States,USA,2021-10-03,64381
United States,USA,2021-10-04,64487
United States,USA,2021-10-05,63508
United States,USA,2021-10-06,62376
United States,USA,2021-10-07,61095
United States,USA,2021-10-08,59461
United States,USA,2021-10-09,57940
United States,USA,2021-10-10,57496
United States,USA,2021-10-11,57618
United States,USA,2021-10-12,56985
United States,USA,2021-10-13,55885
United States,USA,2021-10-14,54564
United States,USA,2021-10-15,53358
United States,USA,2021-10-16,51837
United States,USA,2021-10-17,51504
United States,USA,2021-10-18,51723
United States,USA,2021-10-19,50595
United States,USA,2021-10-20,49311
United States,USA,2021-10-21,48405
United States,USA,2021-10-22,47454
United States,USA,2021-10-23,46398
United States,USA,2021-10-24,46114
United States,USA,2021-10-25,46380
United States,USA,2021-10-26,45821
United States,USA,2021-10-27,45003
United States,USA,2021-10-28,44195
United States,USA,2021-10-29,43513
United States,USA,2021-10-30,42766
United States,USA,2021-10-31,42513
United States,USA,2021-11-01,42623
United States,USA,2021-11-02,42291
United States,USA,2021-11-03,41982
United States,USA,2021-11-04,41357
United States,USA,2021-11-05,40945
United States,USA,2021-11-06,40176
United States,USA,2021-11-07,40472
United States,USA,2021-11-08,41349
United States,USA,2021-11-09,41731
United States,USA,2021-11-10,41806
United States,USA,2021-11-11,41718
United States,USA,2021-11-12,41633
United States,USA,2021-11-13,41372
United States,USA,2021-11-14,41872
United States,USA,2021-11-15,43286
United States,USA,2021-11-16,44010
United States,USA,2021-11-17,44366
United States,USA,2021-11-18,45095
United States,USA,2021-11-19,45157
United States,USA,2021-11-20,44825
United States,USA,2021-11-21,45373
United States,USA,2021-11-22,46834
United States,USA,2021-11-23,47703
United States,USA,2021-11-24,47901
United States,USA,2021-11-25,47297
United States,USA,2021-11-26,48189
United States,USA,2021-11-27,49069
United States,USA,2021-11-28,50165
United States,USA,2021-11-29,51813
United States,USA,2021-11-30,52644
United States,USA,2021-12-01,53311
United States,USA,2021-12-02,53587
United States,USA,2021-12-03,54392
United States,USA,2021-12-04,54572
United States,USA,2021-12-05,55670
United States,USA,2021-12-06,57447
United States,USA,2021-12-07,58938
United States,USA,2021-12-08,59721
United States,USA,2021-12-09,60371
United States,USA,2021-12-10,61162
United States,USA,2021-12-11,60921
United States,USA,2021-12-12,61722
United States,USA,2021-12-13,63084
United States,USA,2021-12-14,63244
United States,USA,2021-12-15,63226
United States,USA,2021-12-16,63105
United States,USA,2021-12-17,63090
United States,USA,2021-12-18,62004
United States,USA,2021-12-19,62545
United States,USA,2021-12-20,63764
United States,USA,2021-12-21,64086
United States,USA,2021-12-22,65043
United States,USA,2021-12-23,65661
United States,USA,2021-12-24,65821
United States,USA,2021-12-25,66446
United States,USA,2021-12-26,69732
United States,USA,2021-12-27,74692
United States,USA,2021-12-28,79671
United States,USA,2021-12-29,85506
United States,USA,2021-12-30,89961
United States,USA,2021-12-31,93776
United States,USA,2022-01-01,96539
United States,USA,2022-01-02,102671
United States,USA,2022-01-03,108761
United States,USA,2022-01-04,114846
United States,USA,2022-01-05,121444
United States,USA,2022-01-06,126976
United States,USA,2022-01-07,131874
United States,USA,2022-01-08,133576
United States,USA,2022-01-09,137251
United States,USA,2022-01-10,142248
United States,USA,2022-01-11,145834
United States,USA,2022-01-12,149670
United States,USA,2022-01-13,151006
United States,USA,2022-01-14,152033
United States,USA,2022-01-15,149478
United States,USA,2022-01-16,149973
United States,USA,2022-01-17,150873
United States,USA,2022-01-18,153220
United States,USA,2022-01-19,154497
United States,USA,2022-01-20,152923
United States,USA,2022-01-21,150229
United States,USA,2022-01-22,145668
United States,USA,2022-01-23,144757
United States,USA,2022-01-24,144760
United States,USA,2022-01-25,143297
United States,USA,2022-01-26,141674
United States,USA,2022-01-27,137503
United States,USA,2022-01-28,133318
United States,USA,2022-01-29,127041
United States,USA,2022-01-30,125816
United States,USA,2022-01-31,124054
United States,USA,2022-02-01,120533
United States,USA,2022-02-02,117164
United States,USA,2022-02-03,112652
United States,USA,2022-02-04,107664
United States,USA,2022-02-05,101670
United States,USA,2022-02-06,99064
United States,USA,2022-02-07,97280
United States,USA,2022-02-08,93609
United States,USA,2022-02-09,90113
United States,USA,2022-02-10,86034
United States,USA,2022-02-11,81494
United States,USA,2022-02-12,76807
United States,USA,2022-02-13,74334
United States,USA,2022-02-14,72085
United States,USA,2022-02-15,68705
United States,USA,2022-02-16,65247
United States,USA,2022-02-17,61859
United States,USA,2022-02-18,58681
United States,USA,2022-02-19,54814
United States,USA,2022-02-20,52974
United States,USA,2022-02-21,51305
United States,USA,2022-02-22,49428
United States,USA,2022-02-23,47038
United States,USA,2022-02-24,44380
United States,USA,2022-02-25,42035
United States,USA,2022-02-26,39278
United States,USA,2022-02-27,37964
United States,USA,2022-02-28,36982
United States,USA,2022-03-01,35342
United States,USA,2022-03-02,33770
United States,USA,2022-03-03,31996
United States,USA,2022-03-04,29869
United States,USA,2022-03-05,27801
United States,USA,2022-03-06,27011
United States,USA,2022-03-07,26401
United States,USA,2022-03-08,25188
United States,USA,2022-03-09,24175
United States,USA,2022-03-10,22841
United States,USA,2022-03-11,21501
United States,USA,2022-03-12,20232
United States,USA,2022-03-13,19546
United States,USA,2022-03-14,19020
United States,USA,2022-03-15,18519
United States,USA,2022-03-16,17945
United States,USA,2022-03-17,17394
United States,USA,2022-03-18,16540
United States,USA,2022-03-19,15659
United States,USA,2022-03-20,15341
United States,USA,2022-03-21,15071
United States,USA,2022-03-22,14553
United States,USA,2022-03-23,14170
United States,USA,2022-03-24,13623
United States,USA,2022-03-25,13100
United States,USA,2022-03-26,12574
United States,USA,2022-03-27,12203
United States,USA,2022-03-28,12094
United States,USA,2022-03-29,11810
United States,USA,2022-03-30,11545
United States,USA,2022-03-31,11294
United States,USA,2022-04-01,10900
United States,USA,2022-04-02,10526
United States,USA,2022-04-03,10380
United States,USA,2022-04-04,10515
United States,USA,2022-04-05,10479
United States,USA,2022-04-06,10418
United States,USA,2022-04-07,10402
United States,USA,2022-04-08,10218
United States,USA,2022-04-09,9875
United States,USA,2022-04-10,9866
United States,USA,2022-04-11,10090
United States,USA,2022-04-12,10112
United States,USA,2022-04-13,10163
United States,USA,2022-04-14,10199
United States,USA,2022-04-15,10298
United States,USA,2022-04-16,9958
United States,USA,2022-04-17,10152
United States,USA,2022-04-18,10413
United States,USA,2022-04-19,10676
United States,USA,2022-04-20,10919
United States,USA,2022-04-21,11101
United States,USA,2022-04-22,11205
United States,USA,2022-04-23,11236
United States,USA,2022-04-24,11460
United States,USA,2022-04-25,11920
United States,USA,2022-04-26,12352
United States,USA,2022-04-27,12756
United States,USA,2022-04-28,12926
United States,USA,2022-04-29,13009
United States,USA,2022-04-30,12851
United States,USA,2022-05-01,13150
United States,USA,2022-05-02,13807
United States,USA,2022-05-03,14229
United States,USA,2022-05-04,14555
United States,USA,2022-05-05,14869
United States,USA,2022-05-06,14941
United States,USA,2022-05-07,15051
United States,USA,2022-05-08,15307
United States,USA,2022-05-09,15618
United States,USA,2022-05-10,16288
United States,USA,2022-05-11,16772
United States,USA,2022-05-12,17349
United States,USA,2022-05-13,17840
United States,USA,2022-05-14,17906
United States,USA,2022-05-15,18359
United States,USA,2022-05-16,19377
United States,USA,2022-05-17,20075
United States,USA,2022-05-18,20473
United States,USA,2022-05-19,20650
United States,USA,2022-05-20,20903
United States,USA,2022-05-21,20623
United States,USA,2022-05-22,21051
United States,USA,2022-05-23,21887
United States,USA,2022-05-24,22040
United States,USA,2022-05-25,22188
United States,USA,2022-05-26,22392
United States,USA,2022-05-27,22493
United States,USA,2022-05-28,22059
United States,USA,2022-05-29,22352
United States,USA,2022-05-30,22820
United States,USA,2022-05-31,23974
United States,USA,2022-06-01,24718
United States,USA,2022-06-02,24902
United States,USA,2022-06-03,24723
United States,USA,2022-06-04,24076
United States,USA,2022-06-05,24305
United States,USA,2022-06-06,24716
United States,USA,2022-06-07,24981
United States,USA,2022-06-08,25421
United States,USA,2022-06-09,25600
United States,USA,2022-06-10,25365
United States,USA,2022-06-11,24983
United States,USA,2022-06-12,25159
United States,USA,2022-06-13,25689
United States,USA,2022-06-14,26042
United States,USA,2022-06-15,26413
United States,USA,2022-06-16,26235
United States,USA,2022-06-17,26221
United States,USA,2022-06-18,25557
United States,USA,2022-06-19,25736
United States,USA,2022-06-20,26414
United States,USA,2022-06-21,26719
United States,USA,2022-06-22,27312
United States,USA,2022-06-23,27712
United States,USA,2022-06-24,27794
United States,USA,2022-06-25,27675
United States,USA,2022-06-26,28123
United States,USA,2022-06-27,29133
United States,USA,2022-06-28,29548
United States,USA,2022-06-29,29938
United States,USA,2022-06-30,30017
United States,USA,2022-07-01,30087
United States,USA,2022-07-02,29807
United States,USA,2022-07-03,30088
United States,USA,2022-07-04,30720
United States,USA,2022-07-05,32096
United States,USA,2022-07-06,33435
United States,USA,2022-07-07,33925
United States,USA,2022-07-08,34217
United States,USA,2022-07-09,33571
United States,USA,2022-07-10,34039
United States,USA,2022-07-11,35321
United States,USA,2022-07-12,36028
United States,USA,2022-07-13,36788
United States,USA,2022-07-14,37170
United States,USA,2022-07-15,36997
United States,USA,2022-07-16,36300
United States,USA,2022-07-17,36791
United States,USA,2022-07-18,38047
United States,USA,2022-07-19,38840
United States,USA,2022-07-20,39366
United States,USA,2022-07-21,39394
United States,USA,2022-07-22,39177
United States,USA,2022-07-23,38487
United States,USA,2022-07-24,38668
United States,USA,2022-07-25,39693
United States,USA,2022-07-26,39965
United States,USA,2022-07-27,40250
United States,USA,2022-07-28,40131
United States,USA,2022-07-29,39540
United States,USA,2022-07-30,38395
United States,USA,2022-07-31,38690
United States,USA,2022-08-01,39446
United States,USA,2022-08-02,39536
United States,USA,2022-08-03,39865
United States,USA,2022-08-04,39226
United States,USA,2022-08-05,38974
United States,USA,2022-08-06,37959
United States,USA,2022-08-07,38038
United States,USA,2022-08-08,38319
United States,USA,2022-08-09,38477
United States,USA,2022-08-10,38269
United States,USA,2022-08-11,37896
United States,USA,2022-08-12,37286
United States,USA,2022-08-13,35823
United States,USA,2022-08-14,36056
United States,USA,2022-08-15,36801
United States,USA,2022-08-16,36506
United States,USA,2022-08-17,36275
United States,USA,2022-08-18,35573
United States,USA,2022-08-19,34961
United States,USA,2022-08-20,33887
United States,USA,2022-08-21,34097
United States,USA,2022-08-22,34720
United States,USA,2022-08-23,34472
United States,USA,2022-08-24,34085
United States,USA,2022-08-25,33568
United States,USA,2022-08-26,33132
United States,USA,2022-08-27,32073
United States,USA,2022-08-28,32133
United States,USA,2022-08-29,32571
United States,USA,2022-08-30,32463
United States,USA,2022-08-31,32441
United States,USA,2022-09-01,31491
United States,USA,2022-09-02,30932
United States,USA,2022-09-03,29864
United States,USA,2022-09-04,29694
United States,USA,2022-09-05,30329
United States,USA,2022-09-06,31065
United States,USA,2022-09-07,30928
United States,USA,2022-09-08,30445
United States,USA,2022-09-09,29873
United States,USA,2022-09-10,27877
United States,USA,2022-09-11,27990
United States,USA,2022-09-12,28291
United States,USA,2022-09-13,27824
United States,USA,2022-09-14,27443
United States,USA,2022-09-15,26772
United States,USA,2022-09-16,26096
United States,USA,2022-09-17,25096
United States,USA,2022-09-18,25162
United States,USA,2022-09-19,25866
United States,USA,2022-09-20,25537
United States,USA,2022-09-21,25155
United States,USA,2022-09-22,24945
United States,USA,2022-09-23,24489
United States,USA,2022-09-24,23353
United States,USA,2022-09-25,23322
United States,USA,2022-09-26,23851
United States,USA,2022-09-27,23655
United States,USA,2022-09-28,23556
United States,USA,2022-09-29,23287
United States,USA,2022-09-30,22716
United States,USA,2022-10-01,21783
United States,USA,2022-10-02,21933
United States,USA,2022-10-03,22669
United States,USA,2022-10-04,22723
United States,USA,2022-10-05,22581
United States,USA,2022-10-06,22263
United States,USA,2022-10-07,21779
United States,USA,2022-10-08,21219
United States,USA,2022-10-09,21340
United States,USA,2022-10-10,21808
United States,USA,2022-10-11,21990
United States,USA,2022-10-12,21789
United States,USA,2022-10-13,21762
United States,USA,2022-10-14,21544
United States,USA,2022-10-15,20862
United States,USA,2022-10-16,21076
United States,USA,2022-10-17,21801
United States,USA,2022-10-18,21768
United States,USA,2022-10-19,21809
United States,USA,2022-10-20,21636
United States,USA,2022-10-21,21459
United States,USA,2022-10-22,21021
United States,USA,2022-10-23,21143
United States,USA,2022-10-24,21846
United States,USA,2022-10-25,22213
United States,USA,2022-10-26,22478
United States,USA,2022-10-27,22292
United States,USA,2022-10-28,21933
United States,USA,2022-10-29,21161
United States,USA,2022-10-30,21280
United States,USA,2022-10-31,21804
United States,USA,2022-11-01,22015
United States,USA,2022-11-02,22332
United States,USA,2022-11-03,22317
United States,USA,2022-11-04,22098
United States,USA,2022-11-05,21663
United States,USA,2022-11-06,21968
United States,USA,2022-11-07,22699
United States,USA,2022-11-08,22862
United States,USA,2022-11-09,22449
United States,USA,2022-11-10,22186
United States,USA,2022-11-11,21944
United States,USA,2022-11-12,21578
United States,USA,2022-11-13,21968
United States,USA,2022-11-14,22555
United States,USA,2022-11-15,22327
United States,USA,2022-11-16,22462
United States,USA,2022-11-17,22264
United States,USA,2022-11-18,22266
United States,USA,2022-11-19,21834
United States,USA,2022-11-20,22134
United States,USA,2022-11-21,23140
United States,USA,2022-11-22,23595
United States,USA,2022-11-23,23629
United States,USA,2022-11-24,23387
United States,USA,2022-11-25,24368
United States,USA,2022-11-26,25121
United States,USA,2022-11-27,26399
United States,USA,2022-11-28,28052
United States,USA,2022-11-29,29235
United States,USA,2022-11-30,30009
United States,USA,2022-12-01,30240
United States,USA,2022-12-02,30154
United States,USA,2022-12-03,29687
United States,USA,2022-12-04,30202
United States,USA,2022-12-05,31445
United States,USA,2022-12-06,32046
United States,USA,2022-12-07,32325
United States,USA,2022-12-08,32534
United States,USA,2022-12-09,32353
United States,USA,2022-12-10,31649
United States,USA,2022-12-11,32163
United States,USA,2022-12-12,33527
United States,USA,2022-12-13,33805
United States,USA,2022-12-14,33491
United States,USA,2022-12-15,34359
United States,USA,2022-12-16,34149
United States,USA,2022-12-17,33764
United States,USA,2022-12-18,34378
United States,USA,2022-12-19,35035
United States,USA,2022-12-20,35670
United States,USA,2022-12-21,35716
United States,USA,2022-12-22,35197
United States,USA,2022-12-23,34810
United States,USA,2022-12-24,33898
United States,USA,2022-12-25,33974
United States,USA,2022-12-26,35701
United States,USA,2022-12-27,37487
United States,USA,2022-12-28,38828
United States,USA,2022-12-29,39661
United States,USA,2022-12-30,39793
United States,USA,2022-12-31,39594
United States,USA,2023-01-01,40482
United States,USA,2023-01-02,41874
United States,USA,2023-01-03,43184
United States,USA,2023-01-04,43676
United States,USA,2023-01-05,42824
United States,USA,2023-01-06,41863
United States,USA,2023-01-07,40082
United States,USA,2023-01-08,40334
United States,USA,2023-01-09,40620
United States,USA,2023-01-10,39660
United States,USA,2023-01-11,38468
United States,USA,2023-01-12,37289
United States,USA,2023-01-13,35891
United States,USA,2023-01-14,34620
United States,USA,2023-01-15,34253
United States,USA,2023-01-16,34397
United States,USA,2023-01-17,33923
United States,USA,2023-01-18,33217
United States,USA,2023-01-19,32064
United States,USA,2023-01-20,31039
United States,USA,2023-01-21,29579
United States,USA,2023-01-22,29548
United States,USA,2023-01-23,29764
United States,USA,2023-01-24,29253
United States,USA,2023-01-25,28893
United States,USA,2023-01-26,27925
United States,USA,2023-01-27,27030
United States,USA,2023-01-28,26065
United States,USA,2023-01-29,26244
United States,USA,2023-01-30,26733
United States,USA,2023-01-31,26364
United States,USA,2023-02-01,25875
United States,USA,2023-02-02,25361
United States,USA,2023-02-03,24662
United States,USA,2023-02-04,23868
United States,USA,2023-02-05,24044
United States,USA,2023-02-06,24815
United States,USA,2023-02-07,24542
United States,USA,2023-02-08,24434
United States,USA,2023-02-09,24001
United States,USA,2023-02-10,23707
United States,USA,2023-02-11,23042
United States,USA,2023-02-12,23151
United States,USA,2023-02-13,23789
United States,USA,2023-02-14,23844
United States,USA,2023-02-15,24017
United States,USA,2023-02-16,23664
United States,USA,2023-02-17,23255
United States,USA,2023-02-18,22407
United States,USA,2023-02-19,22647
United States,USA,2023-02-20,22962
United States,USA,2023-02-21,23092
United States,USA,2023-02-22,22783
United States,USA,2023-02-23,22452
United States,USA,2023-02-24,22047
United States,USA,2023-02-25,21332
United States,USA,2023-02-26,21343
United States,USA,2023-02-27,21876
United States,USA,2023-02-28,21735
United States,USA,2023-03-01,21375
United States,USA,2023-03-02,20824
United States,USA,2023-03-03,20429
United States,USA,2023-03-04,19756
United States,USA,2023-03-05,19858
United States,USA,2023-03-06,20208
United States,USA,2023-03-07,19952
United States,USA,2023-03-08,19340
United States,USA,2023-03-09,18708
United States,USA,2023-03-10,18189
United States,USA,2023-03-11,17567
United States,USA,2023-03-12,17708
United States,USA,2023-03-13,18032
United States,USA,2023-03-14,17624
United States,USA,2023-03-15,17354
United States,USA,2023-03-16,16908
United States,USA,2023-03-17,16456
United States,USA,2023-03-18,16068
United States,USA,2023-03-19,16171
United States,USA,2023-03-20,16572
United States,USA,2023-03-21,16318
United States,USA,2023-03-22,15965
United States,USA,2023-03-23,15695
United States,USA,2023-03-24,15605
United States,USA,2023-03-25,15091
United States,USA,2023-03-26,15131
United States,USA,2023-03-27,15506
United States,USA,2023-03-28,15416
United States,USA,2023-03-29,15077
United States,USA,2023-03-30,14750
United States,USA,2023-03-31,14284
United States,USA,2023-04-01,13654
United States,USA,2023-04-02,13767
United States,USA,2023-04-03,14117
United States,USA,2023-04-04,13963
United States,USA,2023-04-05,13631
United States,USA,2023-04-06,13391
United States,USA,2023-04-07,12944
United States,USA,2023-04-08,12196
United States,USA,2023-04-09,12202
United States,USA,2023-04-10,12553
United States,USA,2023-04-11,12462
United States,USA,2023-04-12,12310
United States,USA,2023-04-13,12148
United States,USA,2023-04-14,11873
United States,USA,2023-04-15,11725
United States,USA,2023-04-16,11744
United States,USA,2023-04-17,11901
United States,USA,2023-04-18,11623
United States,USA,2023-04-19,11341
United States,USA,2023-04-20,10997
United States,USA,2023-04-21,10736
United States,USA,2023-04-22,10267
United States,USA,2023-04-23,10332
United States,USA,2023-04-24,10470
United States,USA,2023-04-25,10226
United States,USA,2023-04-26,9917
United States,USA,2023-04-27,9653
United States,USA,2023-04-28,9490
United States,USA,2023-04-29,9162
United States,USA,2023-04-30,9340
United States,USA,2023-05-01,9462
United States,USA,2023-05-02,9357
United States,USA,2023-05-03,9087
United States,USA,2023-05-04,8937
United States,USA,2023-05-05,8649
United States,USA,2023-05-06,8311
United States,USA,2023-05-07,8426
United States,USA,2023-05-08,8715
United States,USA,2023-05-09,8720
United States,USA,2023-05-10,8574
United States,USA,2023-05-11,8405
United States,USA,2023-05-12,8166
United States,USA,2023-05-13,7807
United States,USA,2023-05-14,7760
United States,USA,2023-05-15,7979
United States,USA,2023-05-16,7949
United States,USA,2023-05-17,7783
United States,USA,2023-05-18,7574
United States,USA,2023-05-19,7613
United States,USA,2023-05-20,7323
United States,USA,2023-05-21,7383
United States,USA,2023-05-22,7696
United States,USA,2023-05-23,7453
United States,USA,2023-05-24,7342
United States,USA,2023-05-25,7165
United States,USA,2023-05-26,6967
United States,USA,2023-05-27,6807
United States,USA,2023-05-28,6721
United States,USA,2023-05-29,6908
United States,USA,2023-05-30,7187
United States,USA,2023-05-31,7181
United States,USA,2023-06-01,7042
United States,USA,2023-06-02,6946
United States,USA,2023-06-03,6587
United States,USA,2023-06-04,6666
United States,USA,2023-06-05,6867
United States,USA,2023-06-06,6780
United States,USA,2023-06-07,6596
United States,USA,2023-06-08,6454
United States,USA,2023-06-09,6213
United States,USA,2023-06-10,6115
United States,USA,2023-06-11,6199
United States,USA,2023-06-12,6276
United States,USA,2023-06-13,6182
United States,USA,2023-06-14,6190
United States,USA,2023-06-15,6128
United States,USA,2023-06-16,6026
United States,USA,2023-06-17,5794
United States,USA,2023-06-18,5872
United States,USA,2023-06-19,5914
United States,USA,2023-06-20,5804
United States,USA,2023-06-21,5695
United States,USA,2023-06-22,5489
United States,USA,2023-06-23,5370
United States,USA,2023-06-24,5312
United States,USA,2023-06-25,5284
United States,USA,2023-06-26,5532
United States,USA,2023-06-27,5610
United States,USA,2023-06-28,5664
United States,USA,2023-06-29,5629
United States,USA,2023-06-30,5543
United States,USA,2023-07-01,5334
United States,USA,2023-07-02,5313
United States,USA,2023-07-03,5503
United States,USA,2023-07-04,5520
United States,USA,2023-07-05,5626
United States,USA,2023-07-06,5601
United States,USA,2023-07-07,5566
United States,USA,2023-07-08,5496
United States,USA,2023-07-09,5634
United States,USA,2023-07-10,5826
United States,USA,2023-07-11,5948
United States,USA,2023-07-12,5961
United States,USA,2023-07-13,5836
United States,USA,2023-07-14,5791
United States,USA,2023-07-15,5753
United States,USA,2023-07-16,5964
United States,USA,2023-07-17,6213
United States,USA,2023-07-18,6277
United States,USA,2023-07-19,6324
United States,USA,2023-07-20,6271
United States,USA,2023-07-21,6379
United States,USA,2023-07-22,6424
United States,USA,2023-07-23,6485
United States,USA,2023-07-24,6842
United States,USA,2023-07-25,7056
United States,USA,2023-07-26,7058
United States,USA,2023-07-27,7238
United States,USA,2023-07-28,7384
United States,USA,2023-07-29,7433
United States,USA,2023-07-30,7746
United States,USA,2023-07-31,7896
United States,USA,2023-08-01,8330
United States,USA,2023-08-02,8495
United States,USA,2023-08-03,8521
United States,USA,2023-08-04,8667
United States,USA,2023-08-05,8609
United States,USA,2023-08-06,9018
United States,USA,2023-08-07,9442
United States,USA,2023-08-08,9668
United States,USA,2023-08-09,9980
United States,USA,2023-08-10,10127
United States,USA,2023-08-11,10272
United States,USA,2023-08-12,9894
United States,USA,2023-08-13,10392
United States,USA,2023-08-14,11255
United States,USA,2023-08-15,11546
United States,USA,2023-08-16,11635
United States,USA,2023-08-17,11672
United States,USA,2023-08-18,11764
United States,USA,2023-08-19,11740
United States,USA,2023-08-20,12239
United States,USA,2023-08-21,12747
United States,USA,2023-08-22,13105
United States,USA,2023-08-23,13384
United States,USA,2023-08-24,13698
United States,USA,2023-08-25,13893
United States,USA,2023-08-26,13715
United States,USA,2023-08-27,14209
United States,USA,2023-08-28,15203
United States,USA,2023-08-29,15321
United States,USA,2023-08-30,15414
United States,USA,2023-08-31,15324
United States,USA,2023-09-01,15286
United States,USA,2023-09-02,14899
United States,USA,2023-09-03,15219
United States,USA,2023-09-04,16179
United States,USA,2023-09-05,16933
United States,USA,2023-09-06,17229
United States,USA,2023-09-07,17131
United States,USA,2023-09-08,16980
United States,USA,2023-09-09,16312
United States,USA,2023-09-10,16657
United States,USA,2023-09-11,17315
United States,USA,2023-09-12,17308
United States,USA,2023-09-13,17039
United States,USA,2023-09-14,16779
United States,USA,2023-09-15,16499
United States,USA,2023-09-16,15784
United States,USA,2023-09-17,15969
United States,USA,2023-09-18,16626
United States,USA,2023-09-19,17006
United States,USA,2023-09-20,16901
United States,USA,2023-09-21,16670
United States,USA,2023-09-22,16638
United States,USA,2023-09-23,16234
United States,USA,2023-09-24,16513
United States,USA,2023-09-25,16573
United States,USA,2023-09-26,16424
United States,USA,2023-09-27,16804
United States,USA,2023-09-28,16357
United States,USA,2023-09-29,16030
United States,USA,2023-09-30,15483
United States,USA,2023-10-01,15664
United States,USA,2023-10-02,15736
United States,USA,2023-10-03,15570
United States,USA,2023-10-04,15285
United States,USA,2023-10-05,15011
United States,USA,2023-10-06,14775
United States,USA,2023-10-07,14013
United States,USA,2023-10-08,14287
United States,USA,2023-10-09,14628
United States,USA,2023-10-10,14376
United States,USA,2023-10-11,14225
United States,USA,2023-10-12,14013
United States,USA,2023-10-13,13740
United States,USA,2023-10-14,13160
United States,USA,2023-10-15,13582
United States,USA,2023-10-16,13962
United States,USA,2023-10-17,13851
United States,USA,2023-10-18,13761
United States,USA,2023-10-19,13681
United States,USA,2023-10-20,13431
United States,USA,2023-10-21,13132
United States,USA,2023-10-22,13471
United States,USA,2023-10-23,13962
United States,USA,2023-10-24,13823
United States,USA,2023-10-25,13594
United States,USA,2023-10-26,13252
United States,USA,2023-10-27,13132
United States,USA,2023-10-28,12747
United States,USA,2023-10-29,13004
United States,USA,2023-10-30,13550
United States,USA,2023-10-31,13337
United States,USA,2023-11-01,12804
United States,USA,2023-11-02,12647
United States,USA,2023-11-03,12578
United States,USA,2023-11-04,12268
United States,USA,2023-11-05,12799
United States,USA,2023-11-06,13566
United States,USA,2023-11-07,13736
United States,USA,2023-11-08,13849
United States,USA,2023-11-09,13816
United States,USA,2023-11-10,13685
United States,USA,2023-11-11,13387
United States,USA,2023-11-12,13775
United States,USA,2023-11-13,14358
United States,USA,2023-11-14,14288
United States,USA,2023-11-15,14418
United States,USA,2023-11-16,14534
United States,USA,2023-11-17,14595
United States,USA,2023-11-18,14706
United States,USA,2023-11-19,15239
United States,USA,2023-11-20,15955
United States,USA,2023-11-21,16059
United States,USA,2023-11-22,15922
United States,USA,2023-11-23,15335
United States,USA,2023-11-24,15747
United States,USA,2023-11-25,16200
United States,USA,2023-11-26,16867
United States,USA,2023-11-27,17936
United States,USA,2023-11-28,18338
United States,USA,2023-11-29,18356
United States,USA,2023-11-30,18452
United States,USA,2023-12-01,18109
United States,USA,2023-12-02,18088
United States,USA,2023-12-03,18569
United States,USA,2023-12-04,19471
United States,USA,2023-12-05,19671
United States,USA,2023-12-06,19532
United States,USA,2023-12-07,19435
United States,USA,2023-12-08,19276
United States,USA,2023-12-09,18995
United States,USA,2023-12-10,19830
United States,USA,2023-12-11,20712
United States,USA,2023-12-12,20720
United States,USA,2023-12-13,20734
United States,USA,2023-12-14,20822
United States,USA,2023-12-15,20659
United States,USA,2023-12-16,20408
United States,USA,2023-12-17,21134
United States,USA,2023-12-18,22569
United States,USA,2023-12-19,23103
United States,USA,2023-12-20,23406
United States,USA,2023-12-21,23620
United States,USA,2023-12-22,23523
United States,USA,2023-12-23,22831
United States,USA,2023-12-24,23390
United States,USA,2023-12-25,24334
United States,USA,2023-12-26,25977
United States,USA,2023-12-27,27040
United States,USA,2023-12-28,28106
United States,USA,2023-12-29,28845
United States,USA,2023-12-30,28908
United States,USA,2023-12-31,29498
United States,USA,2024-01-01,30321
United States,USA,2024-01-02,31406
United States,USA,2024-01-03,31526
United States,USA,2024-01-04,30969
United States,USA,2024-01-05,30372
United States,USA,2024-01-06,29435
United States,USA,2024-01-07,29808
United States,USA,2024-01-08,30550
United States,USA,2024-01-09,29744
United States,USA,2024-01-10,29217
United States,USA,2024-01-11,28494
United States,USA,2024-01-12,27779
United States,USA,2024-01-13,26692
United States,USA,2024-01-14,26979
United States,USA,2024-01-15,27342
United States,USA,2024-01-16,27002
United States,USA,2024-01-17,26325
United States,USA,2024-01-18,25381
United States,USA,2024-01-19,24400
United States,USA,2024-01-20,23404
United States,USA,2024-01-21,23294
United States,USA,2024-01-22,23766
United States,USA,2024-01-23,23378
United States,USA,2024-01-24,22849
United States,USA,2024-01-25,22305
United States,USA,2024-01-26,21603
United States,USA,2024-01-27,20828
United States,USA,2024-01-28,21058
United States,USA,2024-01-29,21274
United States,USA,2024-01-30,20801
United States,USA,2024-01-31,20406
United States,USA,2024-02-01,19959
United States,USA,2024-02-02,19376
United States,USA,2024-02-03,18783
United States,USA,2024-02-04,18934
United States,USA,2024-02-05,19454
United States,USA,2024-02-06,19203
United States,USA,2024-02-07,18511
United States,USA,2024-02-08,18011
United States,USA,2024-02-09,17663
United States,USA,2024-02-10,17120
United States,USA,2024-02-11,17291
United States,USA,2024-02-12,17934
United States,USA,2024-02-13,17800
United States,USA,2024-02-14,17593
United States,USA,2024-02-15,17029
United States,USA,2024-02-16,16624
United States,USA,2024-02-17,16124
United States,USA,2024-02-18,16367
United States,USA,2024-02-19,16696
United States,USA,2024-02-20,16742
United States,USA,2024-02-21,16533
United States,USA,2024-02-22,16033
United States,USA,2024-02-23,15603
United States,USA,2024-02-24,15021
United States,USA,2024-02-25,15240
United States,USA,2024-02-26,15547
United States,USA,2024-02-27,15184
United States,USA,2024-02-28,14841
United States,USA,2024-02-29,14487
United States,USA,2024-03-01,13906
United States,USA,2024-03-02,13253
United States,USA,2024-03-03,13385
United States,USA,2024-03-04,13709
United States,USA,2024-03-05,13287
United States,USA,2024-03-06,12890
United States,USA,2024-03-07,12449
United States,USA,2024-03-08,11996
United States,USA,2024-03-09,11363
United States,USA,2024-03-10,11427
United States,USA,2024-03-11,11434
United States,USA,2024-03-12,10982
United States,USA,2024-03-13,10805
United States,USA,2024-03-14,10396
United States,USA,2024-03-15,10017
United States,USA,2024-03-16,9587
United States,USA,2024-03-17,9563
United States,USA,2024-03-18,9536
United States,USA,2024-03-19,9292
United States,USA,2024-03-20,8958
United States,USA,2024-03-21,8674
United States,USA,2024-03-22,8389
United States,USA,2024-03-23,8036
United States,USA,2024-03-24,8032
United States,USA,2024-03-25,8119
United States,USA,2024-03-26,7958
United States,USA,2024-03-27,7724
United States,USA,2024-03-28,7559
United States,USA,2024-03-29,7225
United States,USA,2024-03-30,7041
United States,USA,2024-03-31,7084
United States,USA,2024-04-01,7111
United States,USA,2024-04-02,7098
United States,USA,2024-04-03,6933
United States,USA,2024-04-04,6657
United States,USA,2024-04-05,6548
United States,USA,2024-04-06,6345
United States,USA,2024-04-07,6398
United States,USA,2024-04-08,6492
United States,USA,2024-04-09,6347
United States,USA,2024-04-10,6232
United States,USA,2024-04-11,6161
United States,USA,2024-04-12,6010
United States,USA,2024-04-13,5694
United States,USA,2024-04-14,5623
United States,USA,2024-04-15,5725
United States,USA,2024-04-16,5666
United States,USA,2024-04-17,5484
United States,USA,2024-04-18,5257
United States,USA,2024-04-19,5144
United States,USA,2024-04-20,4983
United States,USA,2024-04-21,4930
United States,USA,2024-04-22,5069
United States,USA,2024-04-23,4878
United States,USA,2024-04-24,4834
United States,USA,2024-04-25,4633
